area_fips,own_code,industry_code,agglvl_code,size_code,avg_annual_pay
1001,5,10,71,0,43306
1003,5,10,71,0,43599
1005,5,10,71,0,39422
1007,5,10,71,0,47272
1009,5,10,71,0,40192
1011,5,10,71,0,42363
1013,5,10,71,0,39575
1015,5,10,71,0,42300
1017,5,10,71,0,41248
1019,5,10,71,0,37798
1021,5,10,71,0,43353
1023,5,10,71,0,57824
1025,5,10,71,0,46738
1027,5,10,71,0,40870
1029,5,10,71,0,56177
1031,5,10,71,0,39284
1033,5,10,71,0,49433
1035,5,10,71,0,42070
1037,5,10,71,0,45608
1039,5,10,71,0,41024
1041,5,10,71,0,42067
1043,5,10,71,0,45479
1045,5,10,71,0,58172
1047,5,10,71,0,43163
1049,5,10,71,0,43797
1051,5,10,71,0,38230
1053,5,10,71,0,44288
1055,5,10,71,0,41229
1057,5,10,71,0,36680
1059,5,10,71,0,40836
1061,5,10,71,0,36288
1063,5,10,71,0,38757
1065,5,10,71,0,44074
1067,5,10,71,0,51337
1069,5,10,71,0,47380
1071,5,10,71,0,43112
1073,5,10,71,0,63466
1075,5,10,71,0,44681
1077,5,10,71,0,39184
1079,5,10,71,0,41511
1081,5,10,71,0,40679
1083,5,10,71,0,48925
1085,5,10,71,0,51430
1087,5,10,71,0,35627
1089,5,10,71,0,65869
1091,5,10,71,0,48856
1093,5,10,71,0,40741
1095,5,10,71,0,41775
1097,5,10,71,0,53972
1099,5,10,71,0,50631
1101,5,10,71,0,49987
1103,5,10,71,0,54018
1105,5,10,71,0,35285
1107,5,10,71,0,40769
1109,5,10,71,0,44645
1111,5,10,71,0,37333
1113,5,10,71,0,42717
1115,5,10,71,0,45023
1117,5,10,71,0,62063
1119,5,10,71,0,39269
1121,5,10,71,0,49853
1123,5,10,71,0,39523
1125,5,10,71,0,49597
1127,5,10,71,0,42520
1129,5,10,71,0,77887
1131,5,10,71,0,51795
1133,5,10,71,0,43700
1999,5,10,71,0,78624
2013,5,10,71,0,62833
2016,5,10,71,0,71165
2020,5,10,71,0,64034
2050,5,10,71,0,53335
2060,5,10,71,0,61451
2063,5,10,71,0,70408
2066,5,10,71,0,52097
2068,5,10,71,0,64646
2070,5,10,71,0,60889
2090,5,10,71,0,55670
2100,5,10,71,0,40592
2105,5,10,71,0,37328
2110,5,10,71,0,54638
2122,5,10,71,0,53067
2130,5,10,71,0,50348
2150,5,10,71,0,50911
2158,5,10,71,0,36843
2164,5,10,71,0,50185
2170,5,10,71,0,48214
2180,5,10,71,0,70892
2185,5,10,71,0,124272
2188,5,10,71,0,87002
2195,5,10,71,0,49612
2198,5,10,71,0,45543
2220,5,10,71,0,50170
2230,5,10,71,0,37993
2240,5,10,71,0,82846
2275,5,10,71,0,42937
2282,5,10,71,0,57315
2290,5,10,71,0,58470
2999,5,10,71,0,75793
4001,5,10,71,0,46206
4003,5,10,71,0,46718
4005,5,10,71,0,44353
4007,5,10,71,0,48608
4009,5,10,71,0,47386
4011,5,10,71,0,78616
4012,5,10,71,0,39499
4013,5,10,71,0,64977
4015,5,10,71,0,43511
4017,5,10,71,0,41762
4019,5,10,71,0,53714
4021,5,10,71,0,46320
4023,5,10,71,0,44245
4025,5,10,71,0,44850
4027,5,10,71,0,44763
4999,5,10,71,0,99721
5001,5,10,71,0,46521
5003,5,10,71,0,45736
5005,5,10,71,0,40046
5007,5,10,71,0,73512
5009,5,10,71,0,43628
5011,5,10,71,0,41843
5013,5,10,71,0,64148
5015,5,10,71,0,36389
5017,5,10,71,0,38273
5019,5,10,71,0,39661
5021,5,10,71,0,36554
5023,5,10,71,0,38229
5025,5,10,71,0,39504
5027,5,10,71,0,44249
5029,5,10,71,0,44373
5031,5,10,71,0,46597
5033,5,10,71,0,42705
5035,5,10,71,0,42275
5037,5,10,71,0,36025
5039,5,10,71,0,39632
5041,5,10,71,0,42610
5043,5,10,71,0,39000
5045,5,10,71,0,44097
5047,5,10,71,0,38749
5049,5,10,71,0,38472
5051,5,10,71,0,40407
5053,5,10,71,0,47431
5055,5,10,71,0,42169
5057,5,10,71,0,42364
5059,5,10,71,0,42710
5061,5,10,71,0,39591
5063,5,10,71,0,44887
5065,5,10,71,0,35205
5067,5,10,71,0,42183
5069,5,10,71,0,46304
5071,5,10,71,0,37861
5073,5,10,71,0,36704
5075,5,10,71,0,38414
5077,5,10,71,0,40861
5079,5,10,71,0,39010
5081,5,10,71,0,58854
5083,5,10,71,0,36637
5085,5,10,71,0,38045
5087,5,10,71,0,40923
5089,5,10,71,0,38281
5091,5,10,71,0,44405
5093,5,10,71,0,68415
5095,5,10,71,0,36579
5097,5,10,71,0,29351
5099,5,10,71,0,44187
5101,5,10,71,0,30355
5103,5,10,71,0,41675
5105,5,10,71,0,37099
5107,5,10,71,0,38464
5109,5,10,71,0,37168
5111,5,10,71,0,48804
5113,5,10,71,0,37580
5115,5,10,71,0,47228
5117,5,10,71,0,38195
5119,5,10,71,0,55446
5121,5,10,71,0,37440
5123,5,10,71,0,38825
5125,5,10,71,0,40808
5127,5,10,71,0,35199
5129,5,10,71,0,30593
5131,5,10,71,0,49097
5133,5,10,71,0,38594
5135,5,10,71,0,33908
5137,5,10,71,0,36016
5139,5,10,71,0,55675
5141,5,10,71,0,41123
5143,5,10,71,0,53093
5145,5,10,71,0,42353
5147,5,10,71,0,44389
5149,5,10,71,0,36884
5999,5,10,71,0,75766
6001,5,10,71,0,91876
6003,5,10,71,0,40771
6005,5,10,71,0,46403
6007,5,10,71,0,49268
6009,5,10,71,0,41558
6011,5,10,71,0,48628
6013,5,10,71,0,80687
6015,5,10,71,0,41580
6017,5,10,71,0,56542
6019,5,10,71,0,49228
6021,5,10,71,0,46884
6023,5,10,71,0,46712
6025,5,10,71,0,38811
6027,5,10,71,0,44697
6029,5,10,71,0,49506
6031,5,10,71,0,45452
6033,5,10,71,0,44643
6035,5,10,71,0,43934
6037,5,10,71,0,76187
6039,5,10,71,0,47659
6041,5,10,71,0,88994
6043,5,10,71,0,37028
6045,5,10,71,0,46824
6047,5,10,71,0,45441
6049,5,10,71,0,39321
6051,5,10,71,0,40096
6053,5,10,71,0,50220
6055,5,10,71,0,64798
6057,5,10,71,0,51514
6059,5,10,71,0,74806
6061,5,10,71,0,67360
6063,5,10,71,0,45382
6065,5,10,71,0,50065
6067,5,10,71,0,64060
6069,5,10,71,0,50953
6071,5,10,71,0,52660
6073,5,10,71,0,74846
6075,5,10,71,0,195596
6077,5,10,71,0,53632
6079,5,10,71,0,54319
6081,5,10,71,0,188765
6083,5,10,71,0,60402
6085,5,10,71,0,193519
6087,5,10,71,0,59429
6089,5,10,71,0,50802
6091,5,10,71,0,29326
6093,5,10,71,0,44778
6095,5,10,71,0,63484
6097,5,10,71,0,67779
6099,5,10,71,0,55107
6101,5,10,71,0,47355
6103,5,10,71,0,51109
6105,5,10,71,0,41722
6107,5,10,71,0,43630
6109,5,10,71,0,48626
6111,5,10,71,0,63488
6113,5,10,71,0,58889
6115,5,10,71,0,55870
6999,5,10,71,0,117126
8001,5,10,71,0,59236
8003,5,10,71,0,43646
8005,5,10,71,0,79665
8007,5,10,71,0,36266
8009,5,10,71,0,37188
8011,5,10,71,0,43285
8013,5,10,71,0,86882
8014,5,10,71,0,108846
8015,5,10,71,0,41414
8017,5,10,71,0,53144
8019,5,10,71,0,52343
8021,5,10,71,0,36905
8023,5,10,71,0,37612
8025,5,10,71,0,43792
8027,5,10,71,0,35921
8029,5,10,71,0,37362
8031,5,10,71,0,89899
8033,5,10,71,0,39391
8035,5,10,71,0,79569
8037,5,10,71,0,55176
8039,5,10,71,0,55969
8041,5,10,71,0,58410
8043,5,10,71,0,39193
8045,5,10,71,0,55368
8047,5,10,71,0,62427
8049,5,10,71,0,42848
8051,5,10,71,0,42746
8053,5,10,71,0,0
8055,5,10,71,0,37618
8057,5,10,71,0,41838
8059,5,10,71,0,69899
8061,5,10,71,0,46351
8063,5,10,71,0,43318
8065,5,10,71,0,52335
8067,5,10,71,0,52693
8069,5,10,71,0,60668
8071,5,10,71,0,42066
8073,5,10,71,0,39692
8075,5,10,71,0,44420
8077,5,10,71,0,48849
8079,5,10,71,0,37588
8081,5,10,71,0,52212
8083,5,10,71,0,43190
8085,5,10,71,0,42995
8087,5,10,71,0,52734
8089,5,10,71,0,40535
8091,5,10,71,0,49020
8093,5,10,71,0,47992
8095,5,10,71,0,42985
8097,5,10,71,0,65322
8099,5,10,71,0,37097
8101,5,10,71,0,48932
8103,5,10,71,0,66932
8105,5,10,71,0,43086
8107,5,10,71,0,52140
8109,5,10,71,0,37267
8111,5,10,71,0,29867
8113,5,10,71,0,51091
8115,5,10,71,0,38017
8117,5,10,71,0,48273
8119,5,10,71,0,46200
8121,5,10,71,0,42232
8123,5,10,71,0,58955
8125,5,10,71,0,43490
8999,5,10,71,0,0
9001,5,10,71,0,104103
9003,5,10,71,0,75614
9005,5,10,71,0,54088
9007,5,10,71,0,61678
9009,5,10,71,0,64851
9011,5,10,71,0,66450
9013,5,10,71,0,50344
9015,5,10,71,0,49571
9999,5,10,71,0,122756
10001,5,10,71,0,0
10003,5,10,71,0,73026
10005,5,10,71,0,48042
10999,5,10,71,0,0
11001,5,10,71,0,108209
11999,5,10,71,0,142526
12001,5,10,71,0,50122
12003,5,10,71,0,36611
12005,5,10,71,0,47169
12007,5,10,71,0,41679
12009,5,10,71,0,57925
12011,5,10,71,0,62884
12013,5,10,71,0,32838
12015,5,10,71,0,47190
12017,5,10,71,0,44828
12019,5,10,71,0,45734
12021,5,10,71,0,59752
12023,5,10,71,0,41483
12027,5,10,71,0,42150
12029,5,10,71,0,38184
12031,5,10,71,0,61643
12033,5,10,71,0,51262
12035,5,10,71,0,40751
12037,5,10,71,0,36164
12039,5,10,71,0,49199
12041,5,10,71,0,41835
12043,5,10,71,0,47468
12045,5,10,71,0,43397
12047,5,10,71,0,53139
12049,5,10,71,0,38672
12051,5,10,71,0,44491
12053,5,10,71,0,42187
12055,5,10,71,0,39692
12057,5,10,71,0,64879
12059,5,10,71,0,30995
12061,5,10,71,0,50483
12063,5,10,71,0,38998
12065,5,10,71,0,37937
12067,5,10,71,0,35039
12069,5,10,71,0,44978
12071,5,10,71,0,51236
12073,5,10,71,0,51104
12075,5,10,71,0,36863
12077,5,10,71,0,42562
12079,5,10,71,0,36570
12081,5,10,71,0,51006
12083,5,10,71,0,45041
12085,5,10,71,0,50350
12086,5,10,71,0,65840
12087,5,10,71,0,49686
12089,5,10,71,0,45682
12091,5,10,71,0,53152
12093,5,10,71,0,40372
12095,5,10,71,0,60461
12097,5,10,71,0,43779
12099,5,10,71,0,68070
12101,5,10,71,0,47727
12103,5,10,71,0,58303
12105,5,10,71,0,48316
12107,5,10,71,0,43321
12109,5,10,71,0,52846
12111,5,10,71,0,45802
12113,5,10,71,0,42697
12115,5,10,71,0,55271
12117,5,10,71,0,57621
12119,5,10,71,0,48136
12121,5,10,71,0,37943
12123,5,10,71,0,43814
12125,5,10,71,0,41227
12127,5,10,71,0,46374
12129,5,10,71,0,45820
12131,5,10,71,0,48488
12133,5,10,71,0,35757
12999,5,10,71,0,103200
13001,5,10,71,0,62473
13003,5,10,71,0,44867
13005,5,10,71,0,41573
13007,5,10,71,0,41216
13009,5,10,71,0,36110
13011,5,10,71,0,40589
13013,5,10,71,0,48048
13015,5,10,71,0,49450
13017,5,10,71,0,39333
13019,5,10,71,0,35231
13021,5,10,71,0,50245
13023,5,10,71,0,33347
13025,5,10,71,0,41807
13027,5,10,71,0,43530
13029,5,10,71,0,39438
13031,5,10,71,0,38475
13033,5,10,71,0,102219
13035,5,10,71,0,44809
13037,5,10,71,0,39000
13039,5,10,71,0,43923
13043,5,10,71,0,32072
13045,5,10,71,0,49702
13047,5,10,71,0,40597
13049,5,10,71,0,40713
13051,5,10,71,0,51817
13053,5,10,71,0,48914
13055,5,10,71,0,37937
13057,5,10,71,0,46687
13059,5,10,71,0,50711
13061,5,10,71,0,30285
13063,5,10,71,0,63555
13065,5,10,71,0,42709
13067,5,10,71,0,70673
13069,5,10,71,0,41111
13071,5,10,71,0,38883
13073,5,10,71,0,43147
13075,5,10,71,0,38504
13077,5,10,71,0,46810
13079,5,10,71,0,34425
13081,5,10,71,0,40961
13083,5,10,71,0,40557
13085,5,10,71,0,37378
13087,5,10,71,0,42502
13089,5,10,71,0,67149
13091,5,10,71,0,33210
13093,5,10,71,0,40534
13095,5,10,71,0,47851
13097,5,10,71,0,47151
13099,5,10,71,0,53561
13101,5,10,71,0,46255
13103,5,10,71,0,46530
13105,5,10,71,0,39983
13107,5,10,71,0,39267
13109,5,10,71,0,32862
13111,5,10,71,0,38793
13113,5,10,71,0,50299
13115,5,10,71,0,48483
13117,5,10,71,0,57692
13119,5,10,71,0,42319
13121,5,10,71,0,92281
13123,5,10,71,0,36981
13125,5,10,71,0,33677
13127,5,10,71,0,44833
13129,5,10,71,0,49598
13131,5,10,71,0,41179
13133,5,10,71,0,48591
13135,5,10,71,0,60551
13137,5,10,71,0,41613
13139,5,10,71,0,56824
13141,5,10,71,0,40552
13143,5,10,71,0,46208
13145,5,10,71,0,41021
13147,5,10,71,0,41668
13149,5,10,71,0,62187
13151,5,10,71,0,43764
13153,5,10,71,0,42260
13155,5,10,71,0,40574
13157,5,10,71,0,42329
13159,5,10,71,0,40373
13161,5,10,71,0,40172
13163,5,10,71,0,47116
13165,5,10,71,0,39548
13167,5,10,71,0,36553
13169,5,10,71,0,41568
13171,5,10,71,0,45368
13173,5,10,71,0,34792
13175,5,10,71,0,40821
13177,5,10,71,0,42754
13179,5,10,71,0,42280
13181,5,10,71,0,36286
13183,5,10,71,0,30521
13185,5,10,71,0,39676
13187,5,10,71,0,39400
13189,5,10,71,0,41014
13191,5,10,71,0,35893
13193,5,10,71,0,49779
13195,5,10,71,0,39451
13197,5,10,71,0,34129
13199,5,10,71,0,42536
13201,5,10,71,0,43633
13205,5,10,71,0,39950
13207,5,10,71,0,45563
13209,5,10,71,0,35450
13211,5,10,71,0,48529
13213,5,10,71,0,40750
13215,5,10,71,0,50323
13217,5,10,71,0,46235
13219,5,10,71,0,45017
13221,5,10,71,0,42212
13223,5,10,71,0,40847
13225,5,10,71,0,41628
13227,5,10,71,0,52797
13229,5,10,71,0,39129
13231,5,10,71,0,42591
13233,5,10,71,0,42049
13235,5,10,71,0,43088
13237,5,10,71,0,40828
13239,5,10,71,0,37585
13241,5,10,71,0,34982
13243,5,10,71,0,40290
13245,5,10,71,0,48589
13247,5,10,71,0,58259
13249,5,10,71,0,40944
13251,5,10,71,0,37449
13253,5,10,71,0,39099
13255,5,10,71,0,41843
13257,5,10,71,0,43240
13259,5,10,71,0,48346
13261,5,10,71,0,43506
13263,5,10,71,0,44021
13265,5,10,71,0,42999
13267,5,10,71,0,40964
13269,5,10,71,0,47277
13271,5,10,71,0,36078
13273,5,10,71,0,40493
13275,5,10,71,0,49385
13277,5,10,71,0,39102
13279,5,10,71,0,39032
13281,5,10,71,0,37427
13283,5,10,71,0,36563
13285,5,10,71,0,48296
13287,5,10,71,0,37963
13289,5,10,71,0,42684
13291,5,10,71,0,41991
13293,5,10,71,0,41338
13295,5,10,71,0,39851
13297,5,10,71,0,49444
13299,5,10,71,0,38881
13301,5,10,71,0,49972
13303,5,10,71,0,44844
13305,5,10,71,0,45105
13307,5,10,71,0,52081
13309,5,10,71,0,39865
13311,5,10,71,0,34646
13313,5,10,71,0,49321
13315,5,10,71,0,39026
13317,5,10,71,0,42893
13319,5,10,71,0,48192
13321,5,10,71,0,37054
13999,5,10,71,0,93414
15001,5,10,71,0,48146
15003,5,10,71,0,59748
15007,5,10,71,0,49593
15009,5,10,71,0,52003
15999,5,10,71,0,84590
16001,5,10,71,0,60252
16003,5,10,71,0,48720
16005,5,10,71,0,40563
16007,5,10,71,0,29055
16009,5,10,71,0,46952
16011,5,10,71,0,42002
16013,5,10,71,0,52990
16015,5,10,71,0,28749
16017,5,10,71,0,42260
16019,5,10,71,0,43723
16021,5,10,71,0,41512
16023,5,10,71,0,102569
16025,5,10,71,0,59451
16027,5,10,71,0,43246
16029,5,10,71,0,63278
16031,5,10,71,0,41914
16033,5,10,71,0,54835
16035,5,10,71,0,42055
16037,5,10,71,0,33700
16039,5,10,71,0,38168
16041,5,10,71,0,37281
16043,5,10,71,0,36818
16045,5,10,71,0,37522
16047,5,10,71,0,42010
16049,5,10,71,0,37083
16051,5,10,71,0,39359
16053,5,10,71,0,44082
16055,5,10,71,0,46920
16057,5,10,71,0,38534
16059,5,10,71,0,36484
16061,5,10,71,0,35261
16063,5,10,71,0,41718
16065,5,10,71,0,34419
16067,5,10,71,0,42518
16069,5,10,71,0,47402
16071,5,10,71,0,32227
16073,5,10,71,0,40928
16075,5,10,71,0,43508
16077,5,10,71,0,49831
16079,5,10,71,0,47800
16081,5,10,71,0,42627
16083,5,10,71,0,41228
16085,5,10,71,0,40190
16087,5,10,71,0,36895
16999,5,10,71,0,95817
17001,5,10,71,0,50715
17003,5,10,71,0,40454
17005,5,10,71,0,42359
17007,5,10,71,0,46112
17009,5,10,71,0,54097
17011,5,10,71,0,48650
17013,5,10,71,0,30643
17015,5,10,71,0,40110
17017,5,10,71,0,47042
17019,5,10,71,0,52838
17021,5,10,71,0,45332
17023,5,10,71,0,41773
17025,5,10,71,0,41577
17027,5,10,71,0,41185
17029,5,10,71,0,44644
17031,5,10,71,0,80553
17033,5,10,71,0,57004
17035,5,10,71,0,41950
17037,5,10,71,0,50090
17039,5,10,71,0,67098
17041,5,10,71,0,46921
17043,5,10,71,0,74297
17045,5,10,71,0,50810
17047,5,10,71,0,40827
17049,5,10,71,0,46728
17051,5,10,71,0,35792
17053,5,10,71,0,51375
17055,5,10,71,0,39193
17057,5,10,71,0,38452
17059,5,10,71,0,49290
17061,5,10,71,0,39615
17063,5,10,71,0,66389
17065,5,10,71,0,46414
17067,5,10,71,0,41504
17069,5,10,71,0,36270
17071,5,10,71,0,33350
17073,5,10,71,0,46598
17075,5,10,71,0,41605
17077,5,10,71,0,47049
17079,5,10,71,0,45430
17081,5,10,71,0,49492
17083,5,10,71,0,39275
17085,5,10,71,0,43870
17087,5,10,71,0,36983
17089,5,10,71,0,55942
17091,5,10,71,0,49888
17093,5,10,71,0,43738
17095,5,10,71,0,39959
17097,5,10,71,0,89221
17099,5,10,71,0,51760
17101,5,10,71,0,44069
17103,5,10,71,0,48502
17105,5,10,71,0,49576
17107,5,10,71,0,46561
17109,5,10,71,0,37767
17111,5,10,71,0,50347
17113,5,10,71,0,62995
17115,5,10,71,0,61587
17117,5,10,71,0,43061
17119,5,10,71,0,50543
17121,5,10,71,0,42558
17123,5,10,71,0,44773
17125,5,10,71,0,37440
17127,5,10,71,0,49653
17129,5,10,71,0,38542
17131,5,10,71,0,40159
17133,5,10,71,0,41761
17135,5,10,71,0,39781
17137,5,10,71,0,45917
17139,5,10,71,0,45678
17141,5,10,71,0,54837
17143,5,10,71,0,65631
17145,5,10,71,0,37395
17147,5,10,71,0,42283
17149,5,10,71,0,39488
17151,5,10,71,0,0
17153,5,10,71,0,36582
17155,5,10,71,0,62834
17157,5,10,71,0,44522
17159,5,10,71,0,43501
17161,5,10,71,0,66193
17163,5,10,71,0,50523
17165,5,10,71,0,39476
17167,5,10,71,0,54731
17169,5,10,71,0,38285
17171,5,10,71,0,46360
17173,5,10,71,0,40511
17175,5,10,71,0,48692
17177,5,10,71,0,49723
17179,5,10,71,0,48897
17181,5,10,71,0,33738
17183,5,10,71,0,48099
17185,5,10,71,0,39912
17187,5,10,71,0,42443
17189,5,10,71,0,50568
17191,5,10,71,0,37529
17193,5,10,71,0,41607
17195,5,10,71,0,44987
17197,5,10,71,0,55318
17199,5,10,71,0,43698
17201,5,10,71,0,53470
17203,5,10,71,0,48635
17999,5,10,71,0,0
18001,5,10,71,0,44038
18003,5,10,71,0,53772
18005,5,10,71,0,63508
18007,5,10,71,0,44577
18009,5,10,71,0,42566
18011,5,10,71,0,50118
18013,5,10,71,0,30294
18015,5,10,71,0,44327
18017,5,10,71,0,42911
18019,5,10,71,0,47838
18021,5,10,71,0,39177
18023,5,10,71,0,47089
18025,5,10,71,0,38615
18027,5,10,71,0,42674
18029,5,10,71,0,44195
18031,5,10,71,0,48185
18033,5,10,71,0,56860
18035,5,10,71,0,45908
18037,5,10,71,0,47444
18039,5,10,71,0,62237
18041,5,10,71,0,43992
18043,5,10,71,0,48923
18045,5,10,71,0,41034
18047,5,10,71,0,37227
18049,5,10,71,0,42846
18051,5,10,71,0,57822
18053,5,10,71,0,43868
18055,5,10,71,0,37783
18057,5,10,71,0,64101
18059,5,10,71,0,50954
18061,5,10,71,0,43526
18063,5,10,71,0,45623
18065,5,10,71,0,40336
18067,5,10,71,0,52008
18069,5,10,71,0,43100
18071,5,10,71,0,48943
18073,5,10,71,0,44777
18075,5,10,71,0,41831
18077,5,10,71,0,45709
18079,5,10,71,0,42731
18081,5,10,71,0,45241
18083,5,10,71,0,44375
18085,5,10,71,0,55358
18087,5,10,71,0,54897
18089,5,10,71,0,55561
18091,5,10,71,0,47406
18093,5,10,71,0,45040
18095,5,10,71,0,44088
18097,5,10,71,0,66728
18099,5,10,71,0,45801
18101,5,10,71,0,51127
18103,5,10,71,0,41376
18105,5,10,71,0,49226
18107,5,10,71,0,51270
18109,5,10,71,0,44628
18111,5,10,71,0,44223
18113,5,10,71,0,44778
18115,5,10,71,0,35802
18117,5,10,71,0,39080
18119,5,10,71,0,51602
18121,5,10,71,0,35864
18123,5,10,71,0,46154
18125,5,10,71,0,57580
18127,5,10,71,0,52837
18129,5,10,71,0,64405
18131,5,10,71,0,45328
18133,5,10,71,0,43144
18135,5,10,71,0,45924
18137,5,10,71,0,55298
18139,5,10,71,0,43184
18141,5,10,71,0,54246
18143,5,10,71,0,43619
18145,5,10,71,0,48351
18147,5,10,71,0,46210
18149,5,10,71,0,36950
18151,5,10,71,0,43710
18153,5,10,71,0,47862
18155,5,10,71,0,36724
18157,5,10,71,0,48631
18159,5,10,71,0,49190
18161,5,10,71,0,34295
18163,5,10,71,0,51460
18165,5,10,71,0,57143
18167,5,10,71,0,45992
18169,5,10,71,0,44775
18171,5,10,71,0,49984
18173,5,10,71,0,52827
18175,5,10,71,0,39544
18177,5,10,71,0,44773
18179,5,10,71,0,45295
18181,5,10,71,0,45915
18183,5,10,71,0,52059
18999,5,10,71,0,80403
19001,5,10,71,0,44874
19003,5,10,71,0,45190
19005,5,10,71,0,40157
19007,5,10,71,0,41757
19009,5,10,71,0,43733
19011,5,10,71,0,43067
19013,5,10,71,0,54144
19015,5,10,71,0,45587
19017,5,10,71,0,45510
19019,5,10,71,0,42596
19021,5,10,71,0,47853
19023,5,10,71,0,44715
19025,5,10,71,0,42433
19027,5,10,71,0,44362
19029,5,10,71,0,40109
19031,5,10,71,0,44957
19033,5,10,71,0,48165
19035,5,10,71,0,43926
19037,5,10,71,0,48862
19039,5,10,71,0,44265
19041,5,10,71,0,46879
19043,5,10,71,0,42986
19045,5,10,71,0,47369
19047,5,10,71,0,46370
19049,5,10,71,0,66277
19051,5,10,71,0,41411
19053,5,10,71,0,35040
19055,5,10,71,0,46315
19057,5,10,71,0,46024
19059,5,10,71,0,42078
19061,5,10,71,0,53171
19063,5,10,71,0,41943
19065,5,10,71,0,40567
19067,5,10,71,0,49637
19069,5,10,71,0,49630
19071,5,10,71,0,48419
19073,5,10,71,0,45703
19075,5,10,71,0,53298
19077,5,10,71,0,45172
19079,5,10,71,0,46184
19081,5,10,71,0,51550
19083,5,10,71,0,47053
19085,5,10,71,0,44285
19087,5,10,71,0,48487
19089,5,10,71,0,43486
19091,5,10,71,0,47892
19093,5,10,71,0,51265
19095,5,10,71,0,45046
19097,5,10,71,0,40435
19099,5,10,71,0,43179
19101,5,10,71,0,48334
19103,5,10,71,0,48153
19105,5,10,71,0,44154
19107,5,10,71,0,43364
19109,5,10,71,0,46890
19111,5,10,71,0,49181
19113,5,10,71,0,60625
19115,5,10,71,0,46562
19117,5,10,71,0,45332
19119,5,10,71,0,44127
19121,5,10,71,0,41533
19123,5,10,71,0,46209
19125,5,10,71,0,55602
19127,5,10,71,0,51048
19129,5,10,71,0,48036
19131,5,10,71,0,48319
19133,5,10,71,0,39948
19135,5,10,71,0,58948
19137,5,10,71,0,43234
19139,5,10,71,0,55339
19141,5,10,71,0,43318
19143,5,10,71,0,45724
19145,5,10,71,0,43226
19147,5,10,71,0,41972
19149,5,10,71,0,54838
19151,5,10,71,0,47102
19153,5,10,71,0,66154
19155,5,10,71,0,48185
19157,5,10,71,0,52226
19159,5,10,71,0,0
19161,5,10,71,0,45148
19163,5,10,71,0,52532
19165,5,10,71,0,45644
19167,5,10,71,0,48433
19169,5,10,71,0,55996
19171,5,10,71,0,48409
19173,5,10,71,0,45065
19175,5,10,71,0,39770
19177,5,10,71,0,40946
19179,5,10,71,0,48648
19181,5,10,71,0,45394
19183,5,10,71,0,40137
19185,5,10,71,0,42596
19187,5,10,71,0,51177
19189,5,10,71,0,43714
19191,5,10,71,0,46186
19193,5,10,71,0,46866
19195,5,10,71,0,42006
19197,5,10,71,0,47840
19999,5,10,71,0,0
20001,5,10,71,0,42384
20003,5,10,71,0,48721
20005,5,10,71,0,46623
20007,5,10,71,0,43062
20009,5,10,71,0,43174
20011,5,10,71,0,38913
20013,5,10,71,0,48662
20015,5,10,71,0,44936
20017,5,10,71,0,41414
20019,5,10,71,0,32395
20021,5,10,71,0,52195
20023,5,10,71,0,40031
20025,5,10,71,0,45813
20027,5,10,71,0,35389
20029,5,10,71,0,34971
20031,5,10,71,0,75552
20033,5,10,71,0,32431
20035,5,10,71,0,44325
20037,5,10,71,0,40719
20039,5,10,71,0,36957
20041,5,10,71,0,40816
20043,5,10,71,0,47699
20045,5,10,71,0,42153
20047,5,10,71,0,42177
20049,5,10,71,0,31779
20051,5,10,71,0,41622
20053,5,10,71,0,42055
20055,5,10,71,0,48662
20057,5,10,71,0,54106
20059,5,10,71,0,44682
20061,5,10,71,0,38072
20063,5,10,71,0,39811
20065,5,10,71,0,43039
20067,5,10,71,0,47795
20069,5,10,71,0,48472
20071,5,10,71,0,40236
20073,5,10,71,0,35797
20075,5,10,71,0,45045
20077,5,10,71,0,47844
20079,5,10,71,0,45242
20081,5,10,71,0,48542
20083,5,10,71,0,38878
20085,5,10,71,0,37770
20087,5,10,71,0,46564
20089,5,10,71,0,28693
20091,5,10,71,0,68303
20093,5,10,71,0,43502
20095,5,10,71,0,45870
20097,5,10,71,0,34368
20099,5,10,71,0,40933
20101,5,10,71,0,48053
20103,5,10,71,0,43566
20105,5,10,71,0,48012
20107,5,10,71,0,52590
20109,5,10,71,0,39783
20111,5,10,71,0,40358
20113,5,10,71,0,53181
20115,5,10,71,0,37079
20117,5,10,71,0,46134
20119,5,10,71,0,51028
20121,5,10,71,0,44978
20123,5,10,71,0,43017
20125,5,10,71,0,41899
20127,5,10,71,0,35359
20129,5,10,71,0,43186
20131,5,10,71,0,45165
20133,5,10,71,0,39676
20135,5,10,71,0,47294
20137,5,10,71,0,40873
20139,5,10,71,0,34740
20141,5,10,71,0,38345
20143,5,10,71,0,36959
20145,5,10,71,0,39348
20147,5,10,71,0,43288
20149,5,10,71,0,45920
20151,5,10,71,0,45432
20153,5,10,71,0,46881
20155,5,10,71,0,43411
20157,5,10,71,0,35969
20159,5,10,71,0,43225
20161,5,10,71,0,40813
20163,5,10,71,0,38683
20165,5,10,71,0,38489
20167,5,10,71,0,41768
20169,5,10,71,0,45249
20171,5,10,71,0,45854
20173,5,10,71,0,52571
20175,5,10,71,0,52760
20177,5,10,71,0,51858
20179,5,10,71,0,44498
20181,5,10,71,0,38683
20183,5,10,71,0,38015
20185,5,10,71,0,42164
20187,5,10,71,0,53208
20189,5,10,71,0,50267
20191,5,10,71,0,40666
20193,5,10,71,0,43972
20195,5,10,71,0,43869
20197,5,10,71,0,38490
20199,5,10,71,0,41402
20201,5,10,71,0,36024
20203,5,10,71,0,45072
20205,5,10,71,0,40800
20207,5,10,71,0,34192
20209,5,10,71,0,57881
20999,5,10,71,0,82236
21001,5,10,71,0,35276
21003,5,10,71,0,41438
21005,5,10,71,0,41969
21007,5,10,71,0,41124
21009,5,10,71,0,41888
21011,5,10,71,0,41747
21013,5,10,71,0,37296
21015,5,10,71,0,52981
21017,5,10,71,0,50056
21019,5,10,71,0,54382
21021,5,10,71,0,45757
21023,5,10,71,0,46069
21025,5,10,71,0,33456
21027,5,10,71,0,39714
21029,5,10,71,0,46119
21031,5,10,71,0,40675
21033,5,10,71,0,39329
21035,5,10,71,0,37977
21037,5,10,71,0,49110
21039,5,10,71,0,43025
21041,5,10,71,0,67336
21043,5,10,71,0,36699
21045,5,10,71,0,38613
21047,5,10,71,0,45595
21049,5,10,71,0,49423
21051,5,10,71,0,37707
21053,5,10,71,0,33891
21055,5,10,71,0,36175
21057,5,10,71,0,42977
21059,5,10,71,0,48913
21061,5,10,71,0,36627
21063,5,10,71,0,30893
21065,5,10,71,0,42622
21067,5,10,71,0,53563
21069,5,10,71,0,42641
21071,5,10,71,0,44113
21073,5,10,71,0,48616
21075,5,10,71,0,36058
21077,5,10,71,0,67250
21079,5,10,71,0,40259
21081,5,10,71,0,50259
21083,5,10,71,0,42675
21085,5,10,71,0,38807
21087,5,10,71,0,35164
21089,5,10,71,0,42752
21091,5,10,71,0,77305
21093,5,10,71,0,44936
21095,5,10,71,0,40460
21097,5,10,71,0,47384
21099,5,10,71,0,45282
21101,5,10,71,0,48240
21103,5,10,71,0,43884
21105,5,10,71,0,34040
21107,5,10,71,0,48492
21109,5,10,71,0,37137
21111,5,10,71,0,62830
21113,5,10,71,0,46261
21115,5,10,71,0,37139
21117,5,10,71,0,67866
21119,5,10,71,0,35448
21121,5,10,71,0,36657
21123,5,10,71,0,40549
21125,5,10,71,0,40537
21127,5,10,71,0,38596
21129,5,10,71,0,40432
21131,5,10,71,0,42529
21133,5,10,71,0,41447
21135,5,10,71,0,37292
21137,5,10,71,0,40337
21139,5,10,71,0,53398
21141,5,10,71,0,56389
21143,5,10,71,0,32851
21145,5,10,71,0,49499
21147,5,10,71,0,32869
21149,5,10,71,0,41586
21151,5,10,71,0,43532
21153,5,10,71,0,32261
21155,5,10,71,0,45798
21157,5,10,71,0,55787
21159,5,10,71,0,35986
21161,5,10,71,0,46381
21163,5,10,71,0,47676
21165,5,10,71,0,38115
21167,5,10,71,0,53692
21169,5,10,71,0,41508
21171,5,10,71,0,39598
21173,5,10,71,0,43797
21175,5,10,71,0,38861
21177,5,10,71,0,43729
21179,5,10,71,0,49190
21181,5,10,71,0,31185
21183,5,10,71,0,38239
21185,5,10,71,0,52057
21187,5,10,71,0,43629
21189,5,10,71,0,35727
21191,5,10,71,0,46248
21193,5,10,71,0,46053
21195,5,10,71,0,47673
21197,5,10,71,0,34687
21199,5,10,71,0,41838
21201,5,10,71,0,38150
21203,5,10,71,0,37075
21205,5,10,71,0,42281
21207,5,10,71,0,38243
21209,5,10,71,0,57511
21211,5,10,71,0,48378
21213,5,10,71,0,44973
21215,5,10,71,0,37871
21217,5,10,71,0,36841
21219,5,10,71,0,43648
21221,5,10,71,0,33653
21223,5,10,71,0,67447
21225,5,10,71,0,53524
21227,5,10,71,0,47861
21229,5,10,71,0,48338
21231,5,10,71,0,34245
21233,5,10,71,0,49691
21235,5,10,71,0,42252
21237,5,10,71,0,32162
21239,5,10,71,0,46693
21999,5,10,71,0,75925
22001,5,10,71,0,39606
22003,5,10,71,0,43571
22005,5,10,71,0,62144
22007,5,10,71,0,50160
22009,5,10,71,0,35392
22011,5,10,71,0,46323
22013,5,10,71,0,41999
22015,5,10,71,0,44601
22017,5,10,71,0,49017
22019,5,10,71,0,58704
22021,5,10,71,0,39305
22023,5,10,71,0,97973
22025,5,10,71,0,33485
22027,5,10,71,0,42234
22029,5,10,71,0,39469
22031,5,10,71,0,60144
22033,5,10,71,0,58985
22035,5,10,71,0,34120
22037,5,10,71,0,42978
22039,5,10,71,0,36172
22041,5,10,71,0,32211
22043,5,10,71,0,37746
22045,5,10,71,0,52117
22047,5,10,71,0,78951
22049,5,10,71,0,49347
22051,5,10,71,0,56771
22053,5,10,71,0,39934
22055,5,10,71,0,51076
22057,5,10,71,0,57836
22059,5,10,71,0,41337
22061,5,10,71,0,39869
22063,5,10,71,0,41359
22065,5,10,71,0,31606
22067,5,10,71,0,40197
22069,5,10,71,0,39384
22071,5,10,71,0,60256
22073,5,10,71,0,43653
22075,5,10,71,0,72825
22077,5,10,71,0,47139
22079,5,10,71,0,45401
22081,5,10,71,0,43219
22083,5,10,71,0,39769
22085,5,10,71,0,41048
22087,5,10,71,0,55396
22089,5,10,71,0,78821
22091,5,10,71,0,43161
22093,5,10,71,0,77186
22095,5,10,71,0,62343
22097,5,10,71,0,41063
22099,5,10,71,0,45469
22101,5,10,71,0,56139
22103,5,10,71,0,52809
22105,5,10,71,0,39927
22107,5,10,71,0,38893
22109,5,10,71,0,54943
22111,5,10,71,0,36901
22113,5,10,71,0,43363
22115,5,10,71,0,41890
22117,5,10,71,0,38108
22119,5,10,71,0,43644
22121,5,10,71,0,57841
22123,5,10,71,0,32734
22125,5,10,71,0,68831
22127,5,10,71,0,44094
22999,5,10,71,0,79191
23001,5,10,71,0,50571
23003,5,10,71,0,43484
23005,5,10,71,0,64545
23007,5,10,71,0,41289
23009,5,10,71,0,47052
23011,5,10,71,0,49215
23013,5,10,71,0,47521
23015,5,10,71,0,44317
23017,5,10,71,0,44160
23019,5,10,71,0,49470
23021,5,10,71,0,43404
23023,5,10,71,0,53587
23025,5,10,71,0,47038
23027,5,10,71,0,48030
23029,5,10,71,0,43299
23031,5,10,71,0,50026
23999,5,10,71,0,83547
24001,5,10,71,0,41573
24003,5,10,71,0,69582
24005,5,10,71,0,63440
24009,5,10,71,0,53541
24011,5,10,71,0,50470
24013,5,10,71,0,49145
24015,5,10,71,0,46335
24017,5,10,71,0,48187
24019,5,10,71,0,43799
24021,5,10,71,0,58042
24023,5,10,71,0,38737
24025,5,10,71,0,53293
24027,5,10,71,0,83467
24029,5,10,71,0,45103
24031,5,10,71,0,87296
24033,5,10,71,0,58671
24035,5,10,71,0,50823
24037,5,10,71,0,65165
24039,5,10,71,0,48465
24041,5,10,71,0,47416
24043,5,10,71,0,49413
24045,5,10,71,0,49561
24047,5,10,71,0,38135
24510,5,10,71,0,75712
24999,5,10,71,0,105114
25001,5,10,71,0,55523
25003,5,10,71,0,54458
25005,5,10,71,0,57932
25007,5,10,71,0,63468
25009,5,10,71,0,71325
25011,5,10,71,0,48396
25013,5,10,71,0,54482
25015,5,10,71,0,52618
25017,5,10,71,0,109060
25019,5,10,71,0,0
25021,5,10,71,0,76973
25023,5,10,71,0,60873
25025,5,10,71,0,124828
25027,5,10,71,0,64521
25999,5,10,71,0,0
26001,5,10,71,0,39111
26003,5,10,71,0,45202
26005,5,10,71,0,55596
26007,5,10,71,0,42867
26009,5,10,71,0,36643
26011,5,10,71,0,42097
26013,5,10,71,0,44268
26015,5,10,71,0,45636
26017,5,10,71,0,51556
26019,5,10,71,0,38910
26021,5,10,71,0,55823
26023,5,10,71,0,46251
26025,5,10,71,0,58596
26027,5,10,71,0,48431
26029,5,10,71,0,51458
26031,5,10,71,0,40487
26033,5,10,71,0,36535
26035,5,10,71,0,42578
26037,5,10,71,0,48168
26039,5,10,71,0,47704
26041,5,10,71,0,44769
26043,5,10,71,0,53710
26045,5,10,71,0,53338
26047,5,10,71,0,47682
26049,5,10,71,0,50416
26051,5,10,71,0,40541
26053,5,10,71,0,42165
26055,5,10,71,0,53888
26057,5,10,71,0,48607
26059,5,10,71,0,47958
26061,5,10,71,0,43803
26063,5,10,71,0,45190
26065,5,10,71,0,57608
26067,5,10,71,0,39352
26069,5,10,71,0,58946
26071,5,10,71,0,39600
26073,5,10,71,0,42710
26075,5,10,71,0,55466
26077,5,10,71,0,59429
26079,5,10,71,0,56186
26081,5,10,71,0,57401
26083,5,10,71,0,27265
26085,5,10,71,0,40350
26087,5,10,71,0,44077
26089,5,10,71,0,43170
26091,5,10,71,0,48338
26093,5,10,71,0,51659
26095,5,10,71,0,32114
26097,5,10,71,0,42007
26099,5,10,71,0,62816
26101,5,10,71,0,44906
26103,5,10,71,0,48508
26105,5,10,71,0,45724
26107,5,10,71,0,44054
26109,5,10,71,0,41707
26111,5,10,71,0,67795
26113,5,10,71,0,42145
26115,5,10,71,0,56884
26117,5,10,71,0,41674
26119,5,10,71,0,38229
26121,5,10,71,0,47138
26123,5,10,71,0,43961
26125,5,10,71,0,71832
26127,5,10,71,0,38648
26129,5,10,71,0,38689
26131,5,10,71,0,32014
26133,5,10,71,0,50837
26135,5,10,71,0,33533
26137,5,10,71,0,47048
26139,5,10,71,0,53168
26141,5,10,71,0,42724
26143,5,10,71,0,39215
26145,5,10,71,0,52685
26147,5,10,71,0,52719
26149,5,10,71,0,45668
26151,5,10,71,0,41695
26153,5,10,71,0,45447
26155,5,10,71,0,47141
26157,5,10,71,0,43322
26159,5,10,71,0,48852
26161,5,10,71,0,67009
26163,5,10,71,0,68676
26165,5,10,71,0,44156
26999,5,10,71,0,96575
27001,5,10,71,0,41008
27003,5,10,71,0,61090
27005,5,10,71,0,42374
27007,5,10,71,0,45408
27009,5,10,71,0,49109
27011,5,10,71,0,45559
27013,5,10,71,0,49904
27015,5,10,71,0,48604
27017,5,10,71,0,51675
27019,5,10,71,0,62398
27021,5,10,71,0,55397
27023,5,10,71,0,44481
27025,5,10,71,0,50817
27027,5,10,71,0,44505
27029,5,10,71,0,56960
27031,5,10,71,0,32629
27033,5,10,71,0,43208
27035,5,10,71,0,45253
27037,5,10,71,0,63730
27039,5,10,71,0,56765
27041,5,10,71,0,49105
27043,5,10,71,0,47747
27045,5,10,71,0,38215
27047,5,10,71,0,45219
27049,5,10,71,0,54557
27051,5,10,71,0,43072
27053,5,10,71,0,84213
27055,5,10,71,0,38704
27057,5,10,71,0,44999
27059,5,10,71,0,44190
27061,5,10,71,0,46886
27063,5,10,71,0,46334
27065,5,10,71,0,44737
27067,5,10,71,0,45330
27069,5,10,71,0,40781
27071,5,10,71,0,46540
27073,5,10,71,0,40457
27075,5,10,71,0,49847
27077,5,10,71,0,40563
27079,5,10,71,0,49669
27081,5,10,71,0,37490
27083,5,10,71,0,49578
27085,5,10,71,0,50146
27087,5,10,71,0,57360
27089,5,10,71,0,50312
27091,5,10,71,0,49786
27093,5,10,71,0,47285
27095,5,10,71,0,41397
27097,5,10,71,0,39958
27099,5,10,71,0,53475
27101,5,10,71,0,42343
27103,5,10,71,0,46272
27105,5,10,71,0,51212
27107,5,10,71,0,45017
27109,5,10,71,0,71698
27111,5,10,71,0,44676
27113,5,10,71,0,53824
27115,5,10,71,0,34038
27117,5,10,71,0,43050
27119,5,10,71,0,46967
27121,5,10,71,0,46896
27123,5,10,71,0,70111
27125,5,10,71,0,37659
27127,5,10,71,0,46936
27129,5,10,71,0,50343
27131,5,10,71,0,50620
27133,5,10,71,0,45086
27135,5,10,71,0,58606
27137,5,10,71,0,53711
27139,5,10,71,0,57106
27141,5,10,71,0,50584
27143,5,10,71,0,47301
27145,5,10,71,0,54874
27147,5,10,71,0,52334
27149,5,10,71,0,54906
27151,5,10,71,0,48064
27153,5,10,71,0,47362
27155,5,10,71,0,39004
27157,5,10,71,0,41576
27159,5,10,71,0,43618
27161,5,10,71,0,46347
27163,5,10,71,0,54087
27165,5,10,71,0,42352
27167,5,10,71,0,51356
27169,5,10,71,0,47284
27171,5,10,71,0,50874
27173,5,10,71,0,39610
27999,5,10,71,0,116869
28001,5,10,71,0,39281
28003,5,10,71,0,40414
28005,5,10,71,0,43441
28007,5,10,71,0,37827
28009,5,10,71,0,39245
28011,5,10,71,0,40505
28013,5,10,71,0,34358
28015,5,10,71,0,36499
28017,5,10,71,0,38310
28019,5,10,71,0,50694
28021,5,10,71,0,66606
28023,5,10,71,0,37107
28025,5,10,71,0,40845
28027,5,10,71,0,38664
28029,5,10,71,0,36634
28031,5,10,71,0,40560
28033,5,10,71,0,40927
28035,5,10,71,0,45117
28037,5,10,71,0,45313
28039,5,10,71,0,34816
28041,5,10,71,0,37326
28043,5,10,71,0,38346
28045,5,10,71,0,48574
28047,5,10,71,0,39265
28049,5,10,71,0,48783
28051,5,10,71,0,37757
28053,5,10,71,0,33175
28055,5,10,71,0,31620
28057,5,10,71,0,39450
28059,5,10,71,0,54312
28061,5,10,71,0,48164
28063,5,10,71,0,43680
28065,5,10,71,0,35925
28067,5,10,71,0,45110
28069,5,10,71,0,38811
28071,5,10,71,0,39704
28073,5,10,71,0,38786
28075,5,10,71,0,42595
28077,5,10,71,0,51617
28079,5,10,71,0,36959
28081,5,10,71,0,46129
28083,5,10,71,0,36146
28085,5,10,71,0,41687
28087,5,10,71,0,49016
28089,5,10,71,0,49482
28091,5,10,71,0,43814
28093,5,10,71,0,44182
28095,5,10,71,0,44709
28097,5,10,71,0,35048
28099,5,10,71,0,42766
28101,5,10,71,0,38544
28103,5,10,71,0,37161
28105,5,10,71,0,33234
28107,5,10,71,0,41030
28109,5,10,71,0,36162
28111,5,10,71,0,47716
28113,5,10,71,0,35164
28115,5,10,71,0,38518
28117,5,10,71,0,37523
28119,5,10,71,0,30926
28121,5,10,71,0,47674
28123,5,10,71,0,40755
28125,5,10,71,0,31877
28127,5,10,71,0,32106
28129,5,10,71,0,48246
28131,5,10,71,0,37111
28133,5,10,71,0,34369
28135,5,10,71,0,37600
28137,5,10,71,0,37378
28139,5,10,71,0,39603
28141,5,10,71,0,40167
28143,5,10,71,0,37609
28145,5,10,71,0,44581
28147,5,10,71,0,32229
28149,5,10,71,0,45442
28151,5,10,71,0,36996
28153,5,10,71,0,40866
28155,5,10,71,0,40116
28157,5,10,71,0,32820
28159,5,10,71,0,42376
28161,5,10,71,0,41201
28163,5,10,71,0,41394
28999,5,10,71,0,62848
29001,5,10,71,0,37725
29003,5,10,71,0,36657
29005,5,10,71,0,39451
29007,5,10,71,0,42205
29009,5,10,71,0,42057
29011,5,10,71,0,38860
29013,5,10,71,0,35976
29015,5,10,71,0,32965
29017,5,10,71,0,35457
29019,5,10,71,0,49795
29021,5,10,71,0,52757
29023,5,10,71,0,37624
29025,5,10,71,0,41676
29027,5,10,71,0,52907
29029,5,10,71,0,41072
29031,5,10,71,0,47160
29033,5,10,71,0,39064
29035,5,10,71,0,27569
29037,5,10,71,0,41847
29039,5,10,71,0,30689
29041,5,10,71,0,38696
29043,5,10,71,0,37992
29045,5,10,71,0,31527
29047,5,10,71,0,54526
29049,5,10,71,0,41646
29051,5,10,71,0,47216
29053,5,10,71,0,36821
29055,5,10,71,0,41710
29057,5,10,71,0,36426
29059,5,10,71,0,27580
29061,5,10,71,0,31285
29063,5,10,71,0,39447
29065,5,10,71,0,34007
29067,5,10,71,0,31297
29069,5,10,71,0,30209
29071,5,10,71,0,46586
29073,5,10,71,0,35351
29075,5,10,71,0,41526
29077,5,10,71,0,50810
29079,5,10,71,0,36403
29081,5,10,71,0,34888
29083,5,10,71,0,39595
29085,5,10,71,0,30727
29087,5,10,71,0,42798
29089,5,10,71,0,35963
29091,5,10,71,0,38332
29093,5,10,71,0,42657
29095,5,10,71,0,65251
29097,5,10,71,0,45054
29099,5,10,71,0,43239
29101,5,10,71,0,36743
29103,5,10,71,0,36866
29105,5,10,71,0,40713
29107,5,10,71,0,38512
29109,5,10,71,0,40905
29111,5,10,71,0,38987
29113,5,10,71,0,45477
29115,5,10,71,0,39509
29117,5,10,71,0,39169
29119,5,10,71,0,40130
29121,5,10,71,0,37654
29123,5,10,71,0,33579
29125,5,10,71,0,36705
29127,5,10,71,0,43746
29129,5,10,71,0,42419
29131,5,10,71,0,36608
29133,5,10,71,0,35013
29135,5,10,71,0,42754
29137,5,10,71,0,33921
29139,5,10,71,0,42118
29141,5,10,71,0,33429
29143,5,10,71,0,41049
29145,5,10,71,0,47408
29147,5,10,71,0,38813
29149,5,10,71,0,28845
29151,5,10,71,0,42808
29153,5,10,71,0,28257
29155,5,10,71,0,32280
29157,5,10,71,0,42136
29159,5,10,71,0,41607
29161,5,10,71,0,41827
29163,5,10,71,0,38001
29165,5,10,71,0,56003
29167,5,10,71,0,37241
29169,5,10,71,0,32526
29171,5,10,71,0,33929
29173,5,10,71,0,48227
29175,5,10,71,0,44328
29177,5,10,71,0,41251
29179,5,10,71,0,43565
29181,5,10,71,0,24277
29183,5,10,71,0,52599
29185,5,10,71,0,31819
29186,5,10,71,0,49450
29187,5,10,71,0,35713
29189,5,10,71,0,69242
29195,5,10,71,0,41846
29197,5,10,71,0,32517
29199,5,10,71,0,32549
29201,5,10,71,0,43334
29203,5,10,71,0,29446
29205,5,10,71,0,40872
29207,5,10,71,0,41917
29209,5,10,71,0,33685
29211,5,10,71,0,47296
29213,5,10,71,0,36754
29215,5,10,71,0,33382
29217,5,10,71,0,40464
29219,5,10,71,0,44094
29221,5,10,71,0,31969
29223,5,10,71,0,30935
29225,5,10,71,0,39602
29227,5,10,71,0,28919
29229,5,10,71,0,35766
29510,5,10,71,0,70543
29999,5,10,71,0,87046
30001,5,10,71,0,39506
30003,5,10,71,0,46836
30005,5,10,71,0,31410
30007,5,10,71,0,40088
30009,5,10,71,0,37873
30011,5,10,71,0,46064
30013,5,10,71,0,46655
30015,5,10,71,0,38088
30017,5,10,71,0,39748
30019,5,10,71,0,44827
30021,5,10,71,0,44337
30023,5,10,71,0,46830
30025,5,10,71,0,53293
30027,5,10,71,0,42267
30029,5,10,71,0,48632
30031,5,10,71,0,54803
30033,5,10,71,0,32021
30035,5,10,71,0,37544
30037,5,10,71,0,30246
30039,5,10,71,0,39267
30041,5,10,71,0,39632
30043,5,10,71,0,40425
30045,5,10,71,0,36287
30047,5,10,71,0,38329
30049,5,10,71,0,48790
30051,5,10,71,0,40360
30053,5,10,71,0,34905
30055,5,10,71,0,47208
30057,5,10,71,0,55449
30059,5,10,71,0,32217
30061,5,10,71,0,34449
30063,5,10,71,0,49367
30065,5,10,71,0,50710
30067,5,10,71,0,43075
30069,5,10,71,0,36143
30071,5,10,71,0,34031
30073,5,10,71,0,38755
30075,5,10,71,0,30003
30077,5,10,71,0,37077
30079,5,10,71,0,32510
30081,5,10,71,0,42013
30083,5,10,71,0,54947
30085,5,10,71,0,39615
30087,5,10,71,0,61827
30089,5,10,71,0,35512
30091,5,10,71,0,38242
30093,5,10,71,0,46710
30095,5,10,71,0,80609
30097,5,10,71,0,58529
30099,5,10,71,0,41150
30101,5,10,71,0,47722
30103,5,10,71,0,41782
30105,5,10,71,0,41807
30107,5,10,71,0,38382
30109,5,10,71,0,36208
30111,5,10,71,0,53713
30999,5,10,71,0,95104
31001,5,10,71,0,44164
31003,5,10,71,0,41982
31005,5,10,71,0,21872
31007,5,10,71,0,0
31009,5,10,71,0,36277
31011,5,10,71,0,43046
31013,5,10,71,0,38223
31015,5,10,71,0,34217
31017,5,10,71,0,35441
31019,5,10,71,0,45440
31021,5,10,71,0,39960
31023,5,10,71,0,43311
31025,5,10,71,0,43738
31027,5,10,71,0,39591
31029,5,10,71,0,42408
31031,5,10,71,0,32123
31033,5,10,71,0,42217
31035,5,10,71,0,47957
31037,5,10,71,0,55788
31039,5,10,71,0,45622
31041,5,10,71,0,43370
31043,5,10,71,0,58877
31045,5,10,71,0,33272
31047,5,10,71,0,43219
31049,5,10,71,0,36040
31051,5,10,71,0,47080
31053,5,10,71,0,46120
31055,5,10,71,0,61195
31057,5,10,71,0,42404
31059,5,10,71,0,47488
31061,5,10,71,0,33950
31063,5,10,71,0,35966
31065,5,10,71,0,43985
31067,5,10,71,0,41145
31069,5,10,71,0,34568
31071,5,10,71,0,35236
31073,5,10,71,0,43286
31075,5,10,71,0,32260
31077,5,10,71,0,35921
31079,5,10,71,0,47377
31081,5,10,71,0,49798
31083,5,10,71,0,34135
31085,5,10,71,0,35544
31087,5,10,71,0,43019
31089,5,10,71,0,42159
31091,5,10,71,0,30873
31093,5,10,71,0,32991
31095,5,10,71,0,42551
31097,5,10,71,0,35688
31099,5,10,71,0,42344
31101,5,10,71,0,39757
31103,5,10,71,0,28476
31105,5,10,71,0,41740
31107,5,10,71,0,36588
31109,5,10,71,0,51308
31111,5,10,71,0,43655
31113,5,10,71,0,32866
31115,5,10,71,0,23623
31117,5,10,71,0,42699
31119,5,10,71,0,47236
31121,5,10,71,0,41925
31123,5,10,71,0,40226
31125,5,10,71,0,35942
31127,5,10,71,0,35012
31129,5,10,71,0,35843
31131,5,10,71,0,40658
31133,5,10,71,0,39741
31135,5,10,71,0,45548
31137,5,10,71,0,49487
31139,5,10,71,0,42604
31141,5,10,71,0,47128
31143,5,10,71,0,40229
31145,5,10,71,0,41769
31147,5,10,71,0,37104
31149,5,10,71,0,42010
31151,5,10,71,0,49823
31153,5,10,71,0,54815
31155,5,10,71,0,42701
31157,5,10,71,0,42266
31159,5,10,71,0,46217
31161,5,10,71,0,34887
31163,5,10,71,0,32719
31165,5,10,71,0,36586
31167,5,10,71,0,78238
31169,5,10,71,0,47529
31171,5,10,71,0,42162
31173,5,10,71,0,51524
31175,5,10,71,0,38140
31177,5,10,71,0,57539
31179,5,10,71,0,36633
31181,5,10,71,0,36953
31183,5,10,71,0,38553
31185,5,10,71,0,45654
31999,5,10,71,0,0
32001,5,10,71,0,52449
32003,5,10,71,0,56403
32005,5,10,71,0,59977
32007,5,10,71,0,59127
32009,5,10,71,0,0
32011,5,10,71,0,109324
32013,5,10,71,0,63558
32015,5,10,71,0,85563
32017,5,10,71,0,36559
32019,5,10,71,0,50198
32021,5,10,71,0,60038
32023,5,10,71,0,57471
32027,5,10,71,0,73894
32029,5,10,71,0,85307
32031,5,10,71,0,61096
32033,5,10,71,0,63325
32510,5,10,71,0,54208
32999,5,10,71,0,0
33001,5,10,71,0,50364
33003,5,10,71,0,44994
33005,5,10,71,0,53276
33007,5,10,71,0,0
33009,5,10,71,0,68836
33011,5,10,71,0,74136
33013,5,10,71,0,60979
33015,5,10,71,0,66692
33017,5,10,71,0,58908
33019,5,10,71,0,53024
33999,5,10,71,0,0
34001,5,10,71,0,51039
34003,5,10,71,0,75896
34005,5,10,71,0,66555
34007,5,10,71,0,62522
34009,5,10,71,0,41090
34011,5,10,71,0,49567
34013,5,10,71,0,79109
34015,5,10,71,0,51126
34017,5,10,71,0,90433
34019,5,10,71,0,72021
34021,5,10,71,0,86449
34023,5,10,71,0,74156
34025,5,10,71,0,63982
34027,5,10,71,0,98174
34029,5,10,71,0,49034
34031,5,10,71,0,58474
34033,5,10,71,0,63256
34035,5,10,71,0,101104
34037,5,10,71,0,50846
34039,5,10,71,0,79923
34041,5,10,71,0,54457
34999,5,10,71,0,123887
35001,5,10,71,0,52885
35003,5,10,71,0,26174
35005,5,10,71,0,38462
35006,5,10,71,0,39807
35007,5,10,71,0,31841
35009,5,10,71,0,39324
35011,5,10,71,0,38061
35013,5,10,71,0,39045
35015,5,10,71,0,67414
35017,5,10,71,0,47239
35019,5,10,71,0,38544
35021,5,10,71,0,41083
35023,5,10,71,0,33157
35025,5,10,71,0,55956
35027,5,10,71,0,35215
35028,5,10,71,0,99642
35029,5,10,71,0,34343
35031,5,10,71,0,31683
35033,5,10,71,0,36075
35035,5,10,71,0,42719
35037,5,10,71,0,35239
35039,5,10,71,0,43103
35041,5,10,71,0,36635
35043,5,10,71,0,50165
35045,5,10,71,0,49302
35047,5,10,71,0,29610
35049,5,10,71,0,50473
35051,5,10,71,0,39420
35053,5,10,71,0,37943
35055,5,10,71,0,36939
35057,5,10,71,0,47797
35059,5,10,71,0,37564
35061,5,10,71,0,39045
35999,5,10,71,0,72732
36001,5,10,71,0,66787
36003,5,10,71,0,39396
36005,5,10,71,0,58651
36007,5,10,71,0,52576
36009,5,10,71,0,44735
36011,5,10,71,0,49810
36013,5,10,71,0,43590
36015,5,10,71,0,51874
36017,5,10,71,0,53301
36019,5,10,71,0,47028
36021,5,10,71,0,46538
36023,5,10,71,0,43937
36025,5,10,71,0,52579
36027,5,10,71,0,60448
36029,5,10,71,0,56789
36031,5,10,71,0,44701
36033,5,10,71,0,45217
36035,5,10,71,0,46449
36037,5,10,71,0,47394
36039,5,10,71,0,44816
36041,5,10,71,0,32346
36043,5,10,71,0,41815
36045,5,10,71,0,45619
36047,5,10,71,0,50788
36049,5,10,71,0,43203
36051,5,10,71,0,44080
36053,5,10,71,0,46535
36055,5,10,71,0,59819
36057,5,10,71,0,48740
36059,5,10,71,0,70310
36061,5,10,71,0,166628
36063,5,10,71,0,46321
36065,5,10,71,0,48668
36067,5,10,71,0,58817
36069,5,10,71,0,53546
36071,5,10,71,0,52202
36073,5,10,71,0,42524
36075,5,10,71,0,53635
36077,5,10,71,0,52127
36079,5,10,71,0,56856
36081,5,10,71,0,57474
36083,5,10,71,0,63241
36085,5,10,71,0,55003
36087,5,10,71,0,56451
36089,5,10,71,0,47831
36091,5,10,71,0,61935
36093,5,10,71,0,63322
36095,5,10,71,0,42458
36097,5,10,71,0,44020
36099,5,10,71,0,51398
36101,5,10,71,0,68963
36103,5,10,71,0,68792
36105,5,10,71,0,45397
36107,5,10,71,0,60870
36109,5,10,71,0,63533
36111,5,10,71,0,46658
36113,5,10,71,0,50870
36115,5,10,71,0,48495
36117,5,10,71,0,50161
36119,5,10,71,0,87819
36121,5,10,71,0,44391
36123,5,10,71,0,41240
36999,5,10,71,0,110745
37001,5,10,71,0,48768
37003,5,10,71,0,37993
37005,5,10,71,0,36689
37007,5,10,71,0,38744
37009,5,10,71,0,38749
37011,5,10,71,0,37091
37013,5,10,71,0,41127
37015,5,10,71,0,35893
37017,5,10,71,0,39664
37019,5,10,71,0,44426
37021,5,10,71,0,49398
37023,5,10,71,0,41580
37025,5,10,71,0,44774
37027,5,10,71,0,46253
37029,5,10,71,0,45348
37031,5,10,71,0,38238
37033,5,10,71,0,42400
37035,5,10,71,0,49827
37037,5,10,71,0,43315
37039,5,10,71,0,36461
37041,5,10,71,0,40738
37043,5,10,71,0,37880
37045,5,10,71,0,43790
37047,5,10,71,0,37962
37049,5,10,71,0,43889
37051,5,10,71,0,41824
37053,5,10,71,0,38180
37055,5,10,71,0,38208
37057,5,10,71,0,47220
37059,5,10,71,0,45459
37061,5,10,71,0,40570
37063,5,10,71,0,84486
37065,5,10,71,0,42041
37067,5,10,71,0,59961
37069,5,10,71,0,48131
37071,5,10,71,0,46472
37073,5,10,71,0,40932
37075,5,10,71,0,40483
37077,5,10,71,0,46460
37079,5,10,71,0,35055
37081,5,10,71,0,55613
37083,5,10,71,0,37783
37085,5,10,71,0,38828
37087,5,10,71,0,41580
37089,5,10,71,0,46019
37091,5,10,71,0,45090
37093,5,10,71,0,37390
37095,5,10,71,0,35051
37097,5,10,71,0,61359
37099,5,10,71,0,41109
37101,5,10,71,0,45272
37103,5,10,71,0,38953
37105,5,10,71,0,47387
37107,5,10,71,0,44052
37109,5,10,71,0,47420
37111,5,10,71,0,40367
37113,5,10,71,0,40424
37115,5,10,71,0,38841
37117,5,10,71,0,34108
37119,5,10,71,0,78231
37121,5,10,71,0,41524
37123,5,10,71,0,47688
37125,5,10,71,0,48392
37127,5,10,71,0,45821
37129,5,10,71,0,55452
37131,5,10,71,0,42517
37133,5,10,71,0,36630
37135,5,10,71,0,61345
37137,5,10,71,0,30276
37139,5,10,71,0,41423
37141,5,10,71,0,38184
37143,5,10,71,0,38392
37145,5,10,71,0,44380
37147,5,10,71,0,46920
37149,5,10,71,0,38976
37151,5,10,71,0,41684
37153,5,10,71,0,39229
37155,5,10,71,0,39156
37157,5,10,71,0,40451
37159,5,10,71,0,49512
37161,5,10,71,0,41139
37163,5,10,71,0,41944
37165,5,10,71,0,41588
37167,5,10,71,0,38988
37169,5,10,71,0,34271
37171,5,10,71,0,42006
37173,5,10,71,0,32767
37175,5,10,71,0,40446
37177,5,10,71,0,32341
37179,5,10,71,0,51013
37181,5,10,71,0,41468
37183,5,10,71,0,70864
37185,5,10,71,0,31928
37187,5,10,71,0,44091
37189,5,10,71,0,38912
37191,5,10,71,0,42286
37193,5,10,71,0,42114
37195,5,10,71,0,49056
37197,5,10,71,0,40985
37199,5,10,71,0,39461
37999,5,10,71,0,99416
38001,5,10,71,0,46632
38003,5,10,71,0,44859
38005,5,10,71,0,48251
38007,5,10,71,0,40276
38009,5,10,71,0,44878
38011,5,10,71,0,45704
38013,5,10,71,0,57083
38015,5,10,71,0,55819
38017,5,10,71,0,58870
38019,5,10,71,0,48483
38021,5,10,71,0,43384
38023,5,10,71,0,48917
38025,5,10,71,0,75017
38027,5,10,71,0,38042
38029,5,10,71,0,41922
38031,5,10,71,0,49332
38033,5,10,71,0,40100
38035,5,10,71,0,50567
38037,5,10,71,0,42556
38039,5,10,71,0,46074
38041,5,10,71,0,53307
38043,5,10,71,0,43273
38045,5,10,71,0,43707
38047,5,10,71,0,33413
38049,5,10,71,0,59144
38051,5,10,71,0,42648
38053,5,10,71,0,84411
38055,5,10,71,0,71944
38057,5,10,71,0,78338
38059,5,10,71,0,51360
38061,5,10,71,0,73695
38063,5,10,71,0,39525
38065,5,10,71,0,90695
38067,5,10,71,0,50858
38069,5,10,71,0,45363
38071,5,10,71,0,44741
38073,5,10,71,0,42971
38075,5,10,71,0,43152
38077,5,10,71,0,49446
38079,5,10,71,0,33263
38081,5,10,71,0,62434
38083,5,10,71,0,34736
38085,5,10,71,0,36116
38087,5,10,71,0,0
38089,5,10,71,0,63187
38091,5,10,71,0,56951
38093,5,10,71,0,48764
38095,5,10,71,0,46382
38097,5,10,71,0,51503
38099,5,10,71,0,49487
38101,5,10,71,0,53281
38103,5,10,71,0,44083
38105,5,10,71,0,75088
38999,5,10,71,0,0
39001,5,10,71,0,44589
39003,5,10,71,0,50486
39005,5,10,71,0,43473
39007,5,10,71,0,41815
39009,5,10,71,0,38141
39011,5,10,71,0,49496
39013,5,10,71,0,41302
39015,5,10,71,0,36581
39017,5,10,71,0,55763
39019,5,10,71,0,41409
39021,5,10,71,0,47175
39023,5,10,71,0,47047
39025,5,10,71,0,51521
39027,5,10,71,0,57504
39029,5,10,71,0,44961
39031,5,10,71,0,42976
39033,5,10,71,0,44251
39035,5,10,71,0,66508
39037,5,10,71,0,44716
39039,5,10,71,0,47041
39041,5,10,71,0,64650
39043,5,10,71,0,43735
39045,5,10,71,0,44027
39047,5,10,71,0,42218
39049,5,10,71,0,63570
39051,5,10,71,0,49216
39053,5,10,71,0,43372
39055,5,10,71,0,48583
39057,5,10,71,0,54949
39059,5,10,71,0,46263
39061,5,10,71,0,70888
39063,5,10,71,0,59952
39065,5,10,71,0,40305
39067,5,10,71,0,50028
39069,5,10,71,0,49256
39071,5,10,71,0,36957
39073,5,10,71,0,32290
39075,5,10,71,0,47836
39077,5,10,71,0,47332
39079,5,10,71,0,39971
39081,5,10,71,0,46274
39083,5,10,71,0,46480
39085,5,10,71,0,52002
39087,5,10,71,0,39581
39089,5,10,71,0,46448
39091,5,10,71,0,49637
39093,5,10,71,0,47681
39095,5,10,71,0,54260
39097,5,10,71,0,45808
39099,5,10,71,0,44403
39101,5,10,71,0,47494
39103,5,10,71,0,52518
39105,5,10,71,0,33636
39107,5,10,71,0,44626
39109,5,10,71,0,48855
39111,5,10,71,0,46958
39113,5,10,71,0,54325
39115,5,10,71,0,41534
39117,5,10,71,0,39180
39119,5,10,71,0,47548
39121,5,10,71,0,39321
39123,5,10,71,0,46852
39125,5,10,71,0,43231
39127,5,10,71,0,43818
39129,5,10,71,0,48653
39131,5,10,71,0,54344
39133,5,10,71,0,49971
39135,5,10,71,0,48582
39137,5,10,71,0,43429
39139,5,10,71,0,43645
39141,5,10,71,0,47045
39143,5,10,71,0,46571
39145,5,10,71,0,42470
39147,5,10,71,0,43255
39149,5,10,71,0,55382
39151,5,10,71,0,47709
39153,5,10,71,0,56541
39155,5,10,71,0,43764
39157,5,10,71,0,44023
39159,5,10,71,0,65712
39161,5,10,71,0,45371
39163,5,10,71,0,37342
39165,5,10,71,0,63177
39167,5,10,71,0,53394
39169,5,10,71,0,53115
39171,5,10,71,0,46435
39173,5,10,71,0,50613
39175,5,10,71,0,49355
39999,5,10,71,0,93645
40001,5,10,71,0,37199
40003,5,10,71,0,47095
40005,5,10,71,0,30915
40007,5,10,71,0,46440
40009,5,10,71,0,47756
40011,5,10,71,0,46249
40013,5,10,71,0,42854
40015,5,10,71,0,44600
40017,5,10,71,0,43519
40019,5,10,71,0,47383
40021,5,10,71,0,33650
40023,5,10,71,0,34647
40025,5,10,71,0,38318
40027,5,10,71,0,40429
40029,5,10,71,0,37861
40031,5,10,71,0,40935
40033,5,10,71,0,39645
40035,5,10,71,0,39223
40037,5,10,71,0,47058
40039,5,10,71,0,46647
40041,5,10,71,0,35166
40043,5,10,71,0,56915
40045,5,10,71,0,41899
40047,5,10,71,0,45256
40049,5,10,71,0,52625
40051,5,10,71,0,42810
40053,5,10,71,0,52308
40055,5,10,71,0,28748
40057,5,10,71,0,0
40059,5,10,71,0,39464
40061,5,10,71,0,34005
40063,5,10,71,0,31692
40065,5,10,71,0,41615
40067,5,10,71,0,30345
40069,5,10,71,0,39714
40071,5,10,71,0,47657
40073,5,10,71,0,52595
40075,5,10,71,0,38378
40077,5,10,71,0,43552
40079,5,10,71,0,34843
40081,5,10,71,0,45384
40083,5,10,71,0,39042
40085,5,10,71,0,36516
40087,5,10,71,0,40928
40089,5,10,71,0,40899
40091,5,10,71,0,31334
40093,5,10,71,0,42690
40095,5,10,71,0,43969
40097,5,10,71,0,47682
40099,5,10,71,0,39580
40101,5,10,71,0,41053
40103,5,10,71,0,50373
40105,5,10,71,0,46001
40107,5,10,71,0,30503
40109,5,10,71,0,56336
40111,5,10,71,0,39198
40113,5,10,71,0,37626
40115,5,10,71,0,36880
40117,5,10,71,0,38668
40119,5,10,71,0,37125
40121,5,10,71,0,40930
40123,5,10,71,0,41590
40125,5,10,71,0,40572
40127,5,10,71,0,42354
40129,5,10,71,0,43369
40131,5,10,71,0,48011
40133,5,10,71,0,41062
40135,5,10,71,0,30207
40137,5,10,71,0,46420
40139,5,10,71,0,45291
40141,5,10,71,0,36559
40143,5,10,71,0,56318
40145,5,10,71,0,45893
40147,5,10,71,0,56644
40149,5,10,71,0,37867
40151,5,10,71,0,41770
40153,5,10,71,0,49141
40999,5,10,71,0,0
41001,5,10,71,0,39806
41003,5,10,71,0,59058
41005,5,10,71,0,63335
41007,5,10,71,0,44032
41009,5,10,71,0,44778
41011,5,10,71,0,41570
41013,5,10,71,0,61316
41015,5,10,71,0,38895
41017,5,10,71,0,55704
41019,5,10,71,0,45827
41021,5,10,71,0,53854
41023,5,10,71,0,36749
41025,5,10,71,0,33040
41027,5,10,71,0,46328
41029,5,10,71,0,50644
41031,5,10,71,0,44229
41033,5,10,71,0,42776
41035,5,10,71,0,43117
41037,5,10,71,0,35329
41039,5,10,71,0,50519
41041,5,10,71,0,42207
41043,5,10,71,0,48058
41045,5,10,71,0,37641
41047,5,10,71,0,50216
41049,5,10,71,0,60026
41051,5,10,71,0,70593
41053,5,10,71,0,41507
41055,5,10,71,0,48511
41057,5,10,71,0,45047
41059,5,10,71,0,45004
41061,5,10,71,0,43125
41063,5,10,71,0,38176
41065,5,10,71,0,48157
41067,5,10,71,0,87579
41069,5,10,71,0,29826
41071,5,10,71,0,48133
41999,5,10,71,0,95832
42001,5,10,71,0,46709
42003,5,10,71,0,71153
42005,5,10,71,0,44884
42007,5,10,71,0,61171
42009,5,10,71,0,41441
42011,5,10,71,0,57186
42013,5,10,71,0,46441
42015,5,10,71,0,53966
42017,5,10,71,0,59455
42019,5,10,71,0,57278
42021,5,10,71,0,42706
42023,5,10,71,0,46429
42025,5,10,71,0,41130
42027,5,10,71,0,50190
42029,5,10,71,0,83403
42031,5,10,71,0,38510
42033,5,10,71,0,43611
42035,5,10,71,0,44450
42037,5,10,71,0,43293
42039,5,10,71,0,43898
42041,5,10,71,0,57258
42043,5,10,71,0,62598
42045,5,10,71,0,68624
42047,5,10,71,0,46049
42049,5,10,71,0,46279
42051,5,10,71,0,42790
42053,5,10,71,0,32943
42055,5,10,71,0,47721
42057,5,10,71,0,55173
42059,5,10,71,0,59671
42061,5,10,71,0,40295
42063,5,10,71,0,49574
42065,5,10,71,0,43291
42067,5,10,71,0,39575
42069,5,10,71,0,48269
42071,5,10,71,0,53803
42073,5,10,71,0,45356
42075,5,10,71,0,48449
42077,5,10,71,0,63741
42079,5,10,71,0,50062
42081,5,10,71,0,48797
42083,5,10,71,0,43886
42085,5,10,71,0,47223
42087,5,10,71,0,45018
42089,5,10,71,0,47084
42091,5,10,71,0,82981
42093,5,10,71,0,78280
42095,5,10,71,0,54903
42097,5,10,71,0,45379
42099,5,10,71,0,34210
42101,5,10,71,0,74948
42103,5,10,71,0,34976
42105,5,10,71,0,48603
42107,5,10,71,0,47695
42109,5,10,71,0,40027
42111,5,10,71,0,43214
42113,5,10,71,0,36347
42115,5,10,71,0,46977
42117,5,10,71,0,46632
42119,5,10,71,0,49925
42121,5,10,71,0,43432
42123,5,10,71,0,44771
42125,5,10,71,0,66579
42127,5,10,71,0,43046
42129,5,10,71,0,50356
42131,5,10,71,0,56345
42133,5,10,71,0,54871
42999,5,10,71,0,107848
44001,5,10,71,0,51011
44003,5,10,71,0,55031
44005,5,10,71,0,55447
44007,5,10,71,0,62288
44009,5,10,71,0,54144
44999,5,10,71,0,104966
45001,5,10,71,0,42238
45003,5,10,71,0,56436
45005,5,10,71,0,52831
45007,5,10,71,0,44359
45009,5,10,71,0,38593
45011,5,10,71,0,37866
45013,5,10,71,0,44964
45015,5,10,71,0,59403
45017,5,10,71,0,52812
45019,5,10,71,0,57834
45021,5,10,71,0,39103
45023,5,10,71,0,48515
45025,5,10,71,0,43019
45027,5,10,71,0,32173
45029,5,10,71,0,39673
45031,5,10,71,0,52041
45033,5,10,71,0,35119
45035,5,10,71,0,44990
45037,5,10,71,0,42906
45039,5,10,71,0,62961
45041,5,10,71,0,44479
45043,5,10,71,0,43861
45045,5,10,71,0,55372
45047,5,10,71,0,45688
45049,5,10,71,0,43466
45051,5,10,71,0,39583
45053,5,10,71,0,45431
45055,5,10,71,0,40789
45057,5,10,71,0,56026
45059,5,10,71,0,44988
45061,5,10,71,0,40831
45063,5,10,71,0,46726
45065,5,10,71,0,33338
45067,5,10,71,0,37326
45069,5,10,71,0,49495
45071,5,10,71,0,41803
45073,5,10,71,0,49819
45075,5,10,71,0,41668
45077,5,10,71,0,41052
45079,5,10,71,0,53535
45081,5,10,71,0,37960
45083,5,10,71,0,50803
45085,5,10,71,0,44092
45087,5,10,71,0,42232
45089,5,10,71,0,44840
45091,5,10,71,0,54776
45999,5,10,71,0,88041
46003,5,10,71,0,37153
46005,5,10,71,0,44618
46007,5,10,71,0,30656
46009,5,10,71,0,37828
46011,5,10,71,0,48796
46013,5,10,71,0,49778
46015,5,10,71,0,40568
46017,5,10,71,0,35605
46019,5,10,71,0,38074
46021,5,10,71,0,41408
46023,5,10,71,0,38128
46025,5,10,71,0,39567
46027,5,10,71,0,35361
46029,5,10,71,0,44484
46031,5,10,71,0,41649
46033,5,10,71,0,38904
46035,5,10,71,0,46733
46037,5,10,71,0,39462
46039,5,10,71,0,51002
46041,5,10,71,0,38742
46043,5,10,71,0,41691
46045,5,10,71,0,46503
46047,5,10,71,0,37768
46049,5,10,71,0,41373
46051,5,10,71,0,50201
46053,5,10,71,0,36520
46055,5,10,71,0,42460
46057,5,10,71,0,50925
46059,5,10,71,0,37638
46061,5,10,71,0,49051
46063,5,10,71,0,45433
46065,5,10,71,0,48081
46067,5,10,71,0,43256
46069,5,10,71,0,52374
46071,5,10,71,0,26937
46073,5,10,71,0,42048
46075,5,10,71,0,33001
46077,5,10,71,0,41801
46079,5,10,71,0,49268
46081,5,10,71,0,44432
46083,5,10,71,0,59574
46085,5,10,71,0,31165
46087,5,10,71,0,42688
46089,5,10,71,0,38148
46091,5,10,71,0,49918
46093,5,10,71,0,42424
46095,5,10,71,0,25582
46097,5,10,71,0,38111
46099,5,10,71,0,57803
46101,5,10,71,0,45819
46102,5,10,71,0,29734
46103,5,10,71,0,50070
46105,5,10,71,0,37425
46107,5,10,71,0,50266
46109,5,10,71,0,37706
46111,5,10,71,0,38607
46115,5,10,71,0,47310
46117,5,10,71,0,40377
46119,5,10,71,0,54780
46121,5,10,71,0,55188
46123,5,10,71,0,40568
46125,5,10,71,0,42998
46127,5,10,71,0,69868
46129,5,10,71,0,39176
46135,5,10,71,0,49710
46137,5,10,71,0,33448
46999,5,10,71,0,90243
47001,5,10,71,0,67726
47003,5,10,71,0,46672
47005,5,10,71,0,41430
47007,5,10,71,0,38020
47009,5,10,71,0,55322
47011,5,10,71,0,48365
47013,5,10,71,0,38528
47015,5,10,71,0,41877
47017,5,10,71,0,35910
47019,5,10,71,0,40032
47021,5,10,71,0,51780
47023,5,10,71,0,40009
47025,5,10,71,0,41796
47027,5,10,71,0,35640
47029,5,10,71,0,42815
47031,5,10,71,0,51401
47033,5,10,71,0,49794
47035,5,10,71,0,39395
47037,5,10,71,0,73059
47039,5,10,71,0,42399
47041,5,10,71,0,42956
47043,5,10,71,0,45588
47045,5,10,71,0,47874
47047,5,10,71,0,49062
47049,5,10,71,0,35731
47051,5,10,71,0,45548
47053,5,10,71,0,43419
47055,5,10,71,0,43953
47057,5,10,71,0,47397
47059,5,10,71,0,43383
47061,5,10,71,0,33782
47063,5,10,71,0,44725
47065,5,10,71,0,56912
47067,5,10,71,0,31930
47069,5,10,71,0,43846
47071,5,10,71,0,48122
47073,5,10,71,0,47463
47075,5,10,71,0,47305
47077,5,10,71,0,46867
47079,5,10,71,0,40304
47081,5,10,71,0,47668
47083,5,10,71,0,40012
47085,5,10,71,0,53649
47087,5,10,71,0,42147
47089,5,10,71,0,50406
47091,5,10,71,0,47644
47093,5,10,71,0,56709
47095,5,10,71,0,34115
47097,5,10,71,0,45346
47099,5,10,71,0,39509
47101,5,10,71,0,39141
47103,5,10,71,0,43075
47105,5,10,71,0,49157
47107,5,10,71,0,47634
47109,5,10,71,0,37985
47111,5,10,71,0,38233
47113,5,10,71,0,48837
47115,5,10,71,0,42819
47117,5,10,71,0,46917
47119,5,10,71,0,54139
47121,5,10,71,0,48618
47123,5,10,71,0,43021
47125,5,10,71,0,42713
47127,5,10,71,0,58803
47129,5,10,71,0,40317
47131,5,10,71,0,42205
47133,5,10,71,0,40708
47135,5,10,71,0,33757
47137,5,10,71,0,32850
47139,5,10,71,0,35873
47141,5,10,71,0,42907
47143,5,10,71,0,43333
47145,5,10,71,0,80534
47147,5,10,71,0,46589
47149,5,10,71,0,54622
47151,5,10,71,0,34975
47153,5,10,71,0,38839
47155,5,10,71,0,36906
47157,5,10,71,0,67126
47159,5,10,71,0,48263
47161,5,10,71,0,44326
47163,5,10,71,0,56629
47165,5,10,71,0,51026
47167,5,10,71,0,44730
47169,5,10,71,0,42394
47171,5,10,71,0,52106
47173,5,10,71,0,44156
47175,5,10,71,0,41691
47177,5,10,71,0,42353
47179,5,10,71,0,46652
47181,5,10,71,0,41486
47183,5,10,71,0,38091
47185,5,10,71,0,41061
47187,5,10,71,0,80971
47189,5,10,71,0,50496
47999,5,10,71,0,91182
48001,5,10,71,0,53954
48003,5,10,71,0,76787
48005,5,10,71,0,44785
48007,5,10,71,0,41818
48009,5,10,71,0,40790
48011,5,10,71,0,41760
48013,5,10,71,0,53316
48015,5,10,71,0,59130
48017,5,10,71,0,42411
48019,5,10,71,0,40014
48021,5,10,71,0,43991
48023,5,10,71,0,41891
48025,5,10,71,0,36906
48027,5,10,71,0,52618
48029,5,10,71,0,57269
48031,5,10,71,0,55480
48033,5,10,71,0,48821
48035,5,10,71,0,45825
48037,5,10,71,0,44039
48039,5,10,71,0,62753
48041,5,10,71,0,47770
48043,5,10,71,0,42323
48045,5,10,71,0,36224
48047,5,10,71,0,33273
48049,5,10,71,0,41372
48051,5,10,71,0,50224
48053,5,10,71,0,50701
48055,5,10,71,0,40723
48057,5,10,71,0,78477
48059,5,10,71,0,48569
48061,5,10,71,0,35324
48063,5,10,71,0,43900
48065,5,10,71,0,92645
48067,5,10,71,0,40167
48069,5,10,71,0,43018
48071,5,10,71,0,63298
48073,5,10,71,0,38668
48075,5,10,71,0,38310
48077,5,10,71,0,44320
48079,5,10,71,0,52953
48081,5,10,71,0,70129
48083,5,10,71,0,36120
48085,5,10,71,0,80378
48087,5,10,71,0,44242
48089,5,10,71,0,54194
48091,5,10,71,0,51051
48093,5,10,71,0,42467
48095,5,10,71,0,50411
48097,5,10,71,0,51341
48099,5,10,71,0,49293
48101,5,10,71,0,51728
48103,5,10,71,0,64443
48105,5,10,71,0,45988
48107,5,10,71,0,50971
48109,5,10,71,0,71319
48111,5,10,71,0,54455
48113,5,10,71,0,79838
48115,5,10,71,0,43478
48117,5,10,71,0,49550
48119,5,10,71,0,27674
48121,5,10,71,0,58991
48123,5,10,71,0,48289
48125,5,10,71,0,38327
48127,5,10,71,0,58150
48129,5,10,71,0,37147
48131,5,10,71,0,77508
48133,5,10,71,0,52664
48135,5,10,71,0,62339
48137,5,10,71,0,41579
48139,5,10,71,0,50815
48141,5,10,71,0,40885
48143,5,10,71,0,42397
48145,5,10,71,0,41360
48147,5,10,71,0,42964
48149,5,10,71,0,44808
48151,5,10,71,0,49761
48153,5,10,71,0,38220
48155,5,10,71,0,36609
48157,5,10,71,0,54120
48159,5,10,71,0,44791
48161,5,10,71,0,45258
48163,5,10,71,0,54908
48165,5,10,71,0,56727
48167,5,10,71,0,51088
48169,5,10,71,0,46545
48171,5,10,71,0,44823
48173,5,10,71,0,61367
48175,5,10,71,0,43548
48177,5,10,71,0,48614
48179,5,10,71,0,54080
48181,5,10,71,0,51251
48183,5,10,71,0,50256
48185,5,10,71,0,57574
48187,5,10,71,0,50421
48189,5,10,71,0,42372
48191,5,10,71,0,30555
48193,5,10,71,0,39455
48195,5,10,71,0,54080
48197,5,10,71,0,42033
48199,5,10,71,0,49277
48201,5,10,71,0,78095
48203,5,10,71,0,54856
48205,5,10,71,0,45531
48207,5,10,71,0,39410
48209,5,10,71,0,45640
48211,5,10,71,0,57779
48213,5,10,71,0,40393
48215,5,10,71,0,34838
48217,5,10,71,0,48509
48219,5,10,71,0,61435
48221,5,10,71,0,45203
48223,5,10,71,0,46512
48225,5,10,71,0,61045
48227,5,10,71,0,52334
48229,5,10,71,0,52818
48231,5,10,71,0,53007
48233,5,10,71,0,73170
48235,5,10,71,0,72957
48237,5,10,71,0,57402
48239,5,10,71,0,51005
48241,5,10,71,0,44827
48243,5,10,71,0,31683
48245,5,10,71,0,60217
48247,5,10,71,0,29747
48249,5,10,71,0,42934
48251,5,10,71,0,51695
48253,5,10,71,0,43184
48255,5,10,71,0,65202
48257,5,10,71,0,49417
48259,5,10,71,0,57140
48261,5,10,71,0,76241
48263,5,10,71,0,62020
48265,5,10,71,0,48188
48267,5,10,71,0,36953
48269,5,10,71,0,90653
48271,5,10,71,0,38422
48273,5,10,71,0,39953
48275,5,10,71,0,48068
48277,5,10,71,0,48118
48279,5,10,71,0,46913
48281,5,10,71,0,39275
48283,5,10,71,0,81859
48285,5,10,71,0,43968
48287,5,10,71,0,49592
48289,5,10,71,0,64963
48291,5,10,71,0,50498
48293,5,10,71,0,53503
48295,5,10,71,0,62208
48297,5,10,71,0,57517
48299,5,10,71,0,41670
48301,5,10,71,0,0
48303,5,10,71,0,45555
48305,5,10,71,0,69014
48307,5,10,71,0,41660
48309,5,10,71,0,51548
48311,5,10,71,0,64160
48313,5,10,71,0,42374
48315,5,10,71,0,43995
48317,5,10,71,0,56093
48319,5,10,71,0,36779
48321,5,10,71,0,63991
48323,5,10,71,0,30062
48325,5,10,71,0,42328
48327,5,10,71,0,24026
48329,5,10,71,0,82117
48331,5,10,71,0,44375
48333,5,10,71,0,38781
48335,5,10,71,0,50023
48337,5,10,71,0,42940
48339,5,10,71,0,65849
48341,5,10,71,0,53695
48343,5,10,71,0,55579
48345,5,10,71,0,34586
48347,5,10,71,0,42656
48349,5,10,71,0,43473
48351,5,10,71,0,40964
48353,5,10,71,0,50659
48355,5,10,71,0,51508
48357,5,10,71,0,49799
48359,5,10,71,0,47516
48361,5,10,71,0,59660
48363,5,10,71,0,43644
48365,5,10,71,0,51211
48367,5,10,71,0,49370
48369,5,10,71,0,54769
48371,5,10,71,0,52541
48373,5,10,71,0,44484
48375,5,10,71,0,51936
48377,5,10,71,0,41866
48379,5,10,71,0,37480
48381,5,10,71,0,49011
48383,5,10,71,0,73646
48385,5,10,71,0,27985
48387,5,10,71,0,40236
48389,5,10,71,0,69408
48391,5,10,71,0,42424
48393,5,10,71,0,89916
48395,5,10,71,0,54708
48397,5,10,71,0,49453
48399,5,10,71,0,41148
48401,5,10,71,0,48528
48403,5,10,71,0,41109
48405,5,10,71,0,46817
48407,5,10,71,0,38773
48409,5,10,71,0,58208
48411,5,10,71,0,36558
48413,5,10,71,0,52010
48415,5,10,71,0,60314
48417,5,10,71,0,59778
48419,5,10,71,0,45537
48421,5,10,71,0,54888
48423,5,10,71,0,51188
48425,5,10,71,0,72082
48427,5,10,71,0,23587
48429,5,10,71,0,39742
48431,5,10,71,0,42736
48433,5,10,71,0,41107
48435,5,10,71,0,69534
48437,5,10,71,0,38996
48439,5,10,71,0,63655
48441,5,10,71,0,47065
48443,5,10,71,0,34021
48445,5,10,71,0,43836
48447,5,10,71,0,66301
48449,5,10,71,0,42768
48451,5,10,71,0,47625
48453,5,10,71,0,87537
48455,5,10,71,0,34711
48457,5,10,71,0,38194
48459,5,10,71,0,41771
48461,5,10,71,0,90176
48463,5,10,71,0,36906
48465,5,10,71,0,33443
48467,5,10,71,0,38896
48469,5,10,71,0,49686
48471,5,10,71,0,38817
48473,5,10,71,0,51825
48475,5,10,71,0,68525
48477,5,10,71,0,44915
48479,5,10,71,0,36030
48481,5,10,71,0,45223
48483,5,10,71,0,41080
48485,5,10,71,0,44114
48487,5,10,71,0,42784
48489,5,10,71,0,39236
48491,5,10,71,0,71834
48493,5,10,71,0,43411
48495,5,10,71,0,75609
48497,5,10,71,0,52411
48499,5,10,71,0,41828
48501,5,10,71,0,67545
48503,5,10,71,0,50992
48505,5,10,71,0,51699
48507,5,10,71,0,49836
48999,5,10,71,0,0
49001,5,10,71,0,35666
49003,5,10,71,0,51862
49005,5,10,71,0,46850
49007,5,10,71,0,45994
49009,5,10,71,0,29336
49011,5,10,71,0,49503
49013,5,10,71,0,50581
49015,5,10,71,0,49545
49017,5,10,71,0,46629
49019,5,10,71,0,38140
49021,5,10,71,0,37682
49023,5,10,71,0,42200
49025,5,10,71,0,38896
49027,5,10,71,0,46055
49029,5,10,71,0,52800
49031,5,10,71,0,29290
49033,5,10,71,0,30683
49035,5,10,71,0,66825
49037,5,10,71,0,40861
49039,5,10,71,0,36489
49041,5,10,71,0,40781
49043,5,10,71,0,56992
49045,5,10,71,0,43800
49047,5,10,71,0,44583
49049,5,10,71,0,57461
49051,5,10,71,0,47791
49053,5,10,71,0,41872
49055,5,10,71,0,35078
49057,5,10,71,0,49557
50001,5,10,71,0,53223
50003,5,10,71,0,52296
50005,5,10,71,0,48492
50007,5,10,71,0,63942
50009,5,10,71,0,39983
50011,5,10,71,0,50761
50013,5,10,71,0,43841
50015,5,10,71,0,49543
50017,5,10,71,0,46845
50019,5,10,71,0,43233
50021,5,10,71,0,51219
50023,5,10,71,0,57584
50025,5,10,71,0,51212
50027,5,10,71,0,51927
50999,5,10,71,0,48871
51001,5,10,71,0,45194
51003,5,10,71,0,57883
51005,5,10,71,0,39351
51007,5,10,71,0,42250
51009,5,10,71,0,40817
51011,5,10,71,0,33902
51013,5,10,71,0,105599
51015,5,10,71,0,52631
51017,5,10,71,0,49940
51019,5,10,71,0,41960
51021,5,10,71,0,51430
51023,5,10,71,0,47650
51025,5,10,71,0,41329
51027,5,10,71,0,54782
51029,5,10,71,0,41582
51031,5,10,71,0,53678
51033,5,10,71,0,43494
51035,5,10,71,0,34170
51036,5,10,71,0,52019
51037,5,10,71,0,39273
51041,5,10,71,0,53994
51043,5,10,71,0,48468
51045,5,10,71,0,41232
51047,5,10,71,0,48843
51049,5,10,71,0,41172
51051,5,10,71,0,48560
51053,5,10,71,0,58784
51057,5,10,71,0,39686
51059,5,10,71,0,103155
51061,5,10,71,0,55699
51063,5,10,71,0,33729
51065,5,10,71,0,45925
51067,5,10,71,0,39519
51069,5,10,71,0,53526
51071,5,10,71,0,56865
51073,5,10,71,0,39255
51075,5,10,71,0,117487
51077,5,10,71,0,29655
51079,5,10,71,0,38110
51081,5,10,71,0,52414
51083,5,10,71,0,42756
51085,5,10,71,0,50999
51087,5,10,71,0,63970
51089,5,10,71,0,37553
51091,5,10,71,0,34042
51093,5,10,71,0,52684
51095,5,10,71,0,46911
51097,5,10,71,0,45363
51099,5,10,71,0,61135
51101,5,10,71,0,51088
51103,5,10,71,0,41819
51105,5,10,71,0,32689
51107,5,10,71,0,75788
51109,5,10,71,0,54179
51111,5,10,71,0,64069
51113,5,10,71,0,40839
51115,5,10,71,0,32958
51117,5,10,71,0,41230
51119,5,10,71,0,38422
51121,5,10,71,0,47915
51125,5,10,71,0,40637
51127,5,10,71,0,42656
51131,5,10,71,0,37163
51133,5,10,71,0,54560
51135,5,10,71,0,41219
51137,5,10,71,0,44526
51139,5,10,71,0,37045
51141,5,10,71,0,33518
51143,5,10,71,0,41759
51145,5,10,71,0,46353
51147,5,10,71,0,40313
51149,5,10,71,0,46336
51153,5,10,71,0,53039
51155,5,10,71,0,45751
51157,5,10,71,0,42152
51159,5,10,71,0,41491
51161,5,10,71,0,50052
51163,5,10,71,0,36701
51165,5,10,71,0,51415
51167,5,10,71,0,43912
51169,5,10,71,0,38407
51171,5,10,71,0,44057
51173,5,10,71,0,39564
51175,5,10,71,0,42996
51177,5,10,71,0,48079
51179,5,10,71,0,54181
51181,5,10,71,0,103560
51183,5,10,71,0,46903
51185,5,10,71,0,39016
51187,5,10,71,0,44377
51191,5,10,71,0,41227
51193,5,10,71,0,36233
51195,5,10,71,0,38318
51197,5,10,71,0,40324
51199,5,10,71,0,41501
51510,5,10,71,0,79762
51520,5,10,71,0,38125
51530,5,10,71,0,40280
51540,5,10,71,0,68399
51550,5,10,71,0,51277
51570,5,10,71,0,35083
51580,5,10,71,0,56246
51590,5,10,71,0,41791
51595,5,10,71,0,33551
51600,5,10,71,0,64032
51610,5,10,71,0,71484
51620,5,10,71,0,31748
51630,5,10,71,0,54174
51640,5,10,71,0,35376
51650,5,10,71,0,49161
51660,5,10,71,0,42543
51670,5,10,71,0,62437
51678,5,10,71,0,48134
51680,5,10,71,0,51001
51683,5,10,71,0,74280
51685,5,10,71,0,53559
51690,5,10,71,0,36976
51700,5,10,71,0,60072
51710,5,10,71,0,60999
51720,5,10,71,0,39788
51730,5,10,71,0,43170
51735,5,10,71,0,35060
51740,5,10,71,0,51562
51750,5,10,71,0,47342
51760,5,10,71,0,75036
51770,5,10,71,0,54504
51775,5,10,71,0,51757
51790,5,10,71,0,38635
51800,5,10,71,0,56366
51810,5,10,71,0,49575
51820,5,10,71,0,43448
51830,5,10,71,0,44516
51840,5,10,71,0,54107
51999,5,10,71,0,98337
53001,5,10,71,0,43032
53003,5,10,71,0,45475
53005,5,10,71,0,61196
53007,5,10,71,0,45728
53009,5,10,71,0,40785
53011,5,10,71,0,63900
53013,5,10,71,0,54261
53015,5,10,71,0,58646
53017,5,10,71,0,39574
53019,5,10,71,0,39619
53021,5,10,71,0,46393
53023,5,10,71,0,0
53025,5,10,71,0,48348
53027,5,10,71,0,44298
53029,5,10,71,0,44776
53031,5,10,71,0,41112
53033,5,10,71,0,119541
53035,5,10,71,0,51555
53037,5,10,71,0,41557
53039,5,10,71,0,56346
53041,5,10,71,0,49559
53043,5,10,71,0,41495
53045,5,10,71,0,40674
53047,5,10,71,0,34812
53049,5,10,71,0,36488
53051,5,10,71,0,38116
53053,5,10,71,0,57951
53055,5,10,71,0,43766
53057,5,10,71,0,54172
53059,5,10,71,0,41469
53061,5,10,71,0,68025
53063,5,10,71,0,55450
53065,5,10,71,0,43830
53067,5,10,71,0,56647
53069,5,10,71,0,38437
53071,5,10,71,0,48063
53073,5,10,71,0,53719
53075,5,10,71,0,0
53077,5,10,71,0,43112
53999,5,10,71,0,114721
54001,5,10,71,0,47230
54003,5,10,71,0,45656
54005,5,10,71,0,45954
54007,5,10,71,0,40180
54009,5,10,71,0,48859
54011,5,10,71,0,47854
54013,5,10,71,0,51902
54015,5,10,71,0,30641
54017,5,10,71,0,60034
54019,5,10,71,0,40027
54021,5,10,71,0,33542
54023,5,10,71,0,46261
54025,5,10,71,0,39559
54027,5,10,71,0,34564
54029,5,10,71,0,46280
54031,5,10,71,0,40578
54033,5,10,71,0,52846
54035,5,10,71,0,49174
54037,5,10,71,0,46647
54039,5,10,71,0,54731
54041,5,10,71,0,47709
54043,5,10,71,0,34521
54045,5,10,71,0,48636
54047,5,10,71,0,50622
54049,5,10,71,0,47177
54051,5,10,71,0,62941
54053,5,10,71,0,49853
54055,5,10,71,0,40300
54057,5,10,71,0,49471
54059,5,10,71,0,42503
54061,5,10,71,0,56491
54063,5,10,71,0,38572
54065,5,10,71,0,36990
54067,5,10,71,0,41541
54069,5,10,71,0,49347
54071,5,10,71,0,31781
54073,5,10,71,0,55751
54075,5,10,71,0,33928
54077,5,10,71,0,38950
54079,5,10,71,0,56123
54081,5,10,71,0,44452
54083,5,10,71,0,39839
54085,5,10,71,0,46406
54087,5,10,71,0,43020
54089,5,10,71,0,42340
54091,5,10,71,0,53041
54093,5,10,71,0,37526
54095,5,10,71,0,55113
54097,5,10,71,0,42034
54099,5,10,71,0,42306
54101,5,10,71,0,35076
54103,5,10,71,0,41308
54105,5,10,71,0,45851
54107,5,10,71,0,44795
54109,5,10,71,0,48456
54999,5,10,71,0,68357
55001,5,10,71,0,37514
55003,5,10,71,0,45456
55005,5,10,71,0,43534
55007,5,10,71,0,42721
55009,5,10,71,0,57104
55011,5,10,71,0,44301
55013,5,10,71,0,40089
55015,5,10,71,0,46047
55017,5,10,71,0,46198
55019,5,10,71,0,44420
55021,5,10,71,0,46899
55023,5,10,71,0,39845
55025,5,10,71,0,66181
55027,5,10,71,0,53179
55029,5,10,71,0,40745
55031,5,10,71,0,46684
55033,5,10,71,0,47242
55035,5,10,71,0,52778
55037,5,10,71,0,28083
55039,5,10,71,0,53142
55041,5,10,71,0,33684
55043,5,10,71,0,41236
55045,5,10,71,0,47854
55047,5,10,71,0,44511
55049,5,10,71,0,52509
55051,5,10,71,0,33502
55053,5,10,71,0,47054
55055,5,10,71,0,48516
55057,5,10,71,0,44027
55059,5,10,71,0,50844
55061,5,10,71,0,44203
55063,5,10,71,0,51886
55065,5,10,71,0,42789
55067,5,10,71,0,39844
55069,5,10,71,0,46400
55071,5,10,71,0,48224
55073,5,10,71,0,53047
55075,5,10,71,0,47613
55077,5,10,71,0,39911
55078,5,10,71,0,28437
55079,5,10,71,0,61745
55081,5,10,71,0,45775
55083,5,10,71,0,41969
55085,5,10,71,0,47555
55087,5,10,71,0,55600
55089,5,10,71,0,54153
55091,5,10,71,0,48431
55093,5,10,71,0,41057
55095,5,10,71,0,42488
55097,5,10,71,0,51242
55099,5,10,71,0,45435
55101,5,10,71,0,54366
55103,5,10,71,0,41645
55105,5,10,71,0,53042
55107,5,10,71,0,40932
55109,5,10,71,0,50795
55111,5,10,71,0,44558
55113,5,10,71,0,42710
55115,5,10,71,0,38928
55117,5,10,71,0,56313
55119,5,10,71,0,44532
55121,5,10,71,0,46844
55123,5,10,71,0,42696
55125,5,10,71,0,38463
55127,5,10,71,0,44112
55129,5,10,71,0,40765
55131,5,10,71,0,52631
55133,5,10,71,0,64642
55135,5,10,71,0,43153
55137,5,10,71,0,38335
55139,5,10,71,0,58195
55141,5,10,71,0,50256
55999,5,10,71,0,85444
56001,5,10,71,0,40514
56003,5,10,71,0,43698
56005,5,10,71,0,59763
56007,5,10,71,0,54405
56009,5,10,71,0,57431
56011,5,10,71,0,48934
56013,5,10,71,0,42512
56015,5,10,71,0,39753
56017,5,10,71,0,38207
56019,5,10,71,0,38639
56021,5,10,71,0,49626
56023,5,10,71,0,54174
56025,5,10,71,0,51182
56027,5,10,71,0,0
56029,5,10,71,0,41923
56031,5,10,71,0,48249
56033,5,10,71,0,44529
56035,5,10,71,0,55517
56037,5,10,71,0,61513
56039,5,10,71,0,73441
56041,5,10,71,0,44690
56043,5,10,71,0,46256
56045,5,10,71,0,42751
56999,5,10,71,0,0
72001,5,10,71,0,16197
72003,5,10,71,0,17045
72005,5,10,71,0,32200
72007,5,10,71,0,20402
72009,5,10,71,0,28108
72011,5,10,71,0,32044
72013,5,10,71,0,25531
72015,5,10,71,0,31768
72017,5,10,71,0,35238
72019,5,10,71,0,21653
72021,5,10,71,0,26906
72023,5,10,71,0,17095
72025,5,10,71,0,27849
72027,5,10,71,0,17927
72029,5,10,71,0,26332
72031,5,10,71,0,27428
72033,5,10,71,0,33706
72035,5,10,71,0,28562
72037,5,10,71,0,22084
72039,5,10,71,0,17373
72041,5,10,71,0,27772
72043,5,10,71,0,20046
72045,5,10,71,0,20760
72047,5,10,71,0,18583
72049,5,10,71,0,0
72051,5,10,71,0,31654
72053,5,10,71,0,26215
72054,5,10,71,0,18655
72055,5,10,71,0,15903
72057,5,10,71,0,26300
72059,5,10,71,0,20300
72061,5,10,71,0,39283
72063,5,10,71,0,31165
72065,5,10,71,0,21636
72067,5,10,71,0,20218
72069,5,10,71,0,29090
72071,5,10,71,0,23375
72073,5,10,71,0,28492
72075,5,10,71,0,27198
72077,5,10,71,0,58979
72079,5,10,71,0,16714
72081,5,10,71,0,18563
72083,5,10,71,0,14544
72085,5,10,71,0,31345
72087,5,10,71,0,19487
72089,5,10,71,0,23277
72091,5,10,71,0,33711
72093,5,10,71,0,24957
72095,5,10,71,0,17571
72097,5,10,71,0,23866
72099,5,10,71,0,19289
72101,5,10,71,0,18978
72103,5,10,71,0,20924
72105,5,10,71,0,22747
72107,5,10,71,0,18689
72109,5,10,71,0,26484
72111,5,10,71,0,24856
72113,5,10,71,0,24075
72115,5,10,71,0,17235
72117,5,10,71,0,19609
72119,5,10,71,0,25494
72121,5,10,71,0,20187
72123,5,10,71,0,21510
72125,5,10,71,0,22458
72127,5,10,71,0,34380
72129,5,10,71,0,29417
72131,5,10,71,0,16505
72133,5,10,71,0,22928
72135,5,10,71,0,21127
72137,5,10,71,0,26194
72139,5,10,71,0,19465
72141,5,10,71,0,17524
72143,5,10,71,0,25416
72145,5,10,71,0,29011
72147,5,10,71,0,25064
72149,5,10,71,0,30043
72151,5,10,71,0,20692
72153,5,10,71,0,21562
72999,5,10,71,0,0
78010,5,10,71,0,0
78020,5,10,71,0,0
78030,5,10,71,0,0
